Thread Title;First Thread Writer;Replies;Views;Second Thread Writer
How To Crack Minecraft Accounts [THE EZ WAY] ;kxee;146;48.635;dado139
[Tutorial] How to install SIB 6.0 / 7.5 panel. SQLi Injection panel ;Injectables;144;24.755;qqqwqws
HQ dork tuts e-book;TheBlanka;13;2.800;Jeffers0n
Free full info/Digital/Scans/Docs/lookup;arbeteash;0;6.588;arbeteash
[100$] How To Get 8GB OR 32GB RDP For Free | Never Seen | HQ And Private - INSANE ;Merged;280;14.336;escano24
Free full info/Digital/Scans/Docs/lookup;koncgism;0;1.502;koncgism
Freshly July Daily Updates, Dumps pins, Live cc Fullz and more.;Black friend1;0;17.632;Black friend1
Physical IDs USA;kysaexat;0;1.425;kysaexat
How to create Private BANK IDENTIFICATION NUMBER (BIN) For Spotify, Netflix, Etc ;craniumwind;109;10.383;Adamm1234
Free Fullz Free Docs Free generator Number Dl;skdia;0;1.621;skdia
Bypass Amazon phone/zip/name verification;aleister;8;1.937;khaledkzd
How to make a Combolist - The professional method - The right way - Secrets unreveale ;Kostrikov;1.812;61.133;sil0706
Giftcard/account cracking discord;ronaar;0;1.565;ronaar
[Tutorial] How to crack Minecraft accounts with pictures! ;Frixas;152;9.046;Minecraftlover
NETFLIX FULL METHOD WORKING 100% ;Light Yagami;127;6.842;sr3688
[TUTORIAL] HOW TO GET EASY COMBO LISTS! [EASY];hetpatel;17;2.075;jer53615
how to get HQ proxies for netflix..... ;Rehat;277;13.725;SACS4
[supreme];MummyQQ;59;4.788;jer53615
HOW TO GET UNLIMITED GOOGLE CLOUD (RDP) ;Light Yagami;142;7.647;Ascal
How to crack RDP - My way to get into RDP/VPS servers with only one tool! ;Lincoln;260;11.670;mikero123
(AMAZON) GIFTCARD CARDING TUTORIAL ;Light Yagami;254;10.943;Lec2
✪HOW TO CRACK GODADDY ACCOUNT WITH RDPS,DOMAINS,HOSTING UNLIMITED!!!✪ ;Jerry99;78;5.651;Ascal
STORM Configuration Builder [Video-Tutorial] ;DARKNET;125;9.114;nitish9911
How to get free GTA V on Social club game for free 100% works ;TimeChangeEverything;395;15.695;rojal95
[FREE MONEY] [HOT] How to Crack G2A Balance mail access accounts [FREE MONEY] [HOT] ;Fuego;1.036;39.099;niggegg
4K HQ Netflix Keywords 2019 ! [ Use them for dorks - leechers ] ;Aang;102;4.951;anupdada
PUBG MOBILE : trick #2;upgruad;10;1.291;spidythor
HOW TO GET HQ PROXIES FOR CRACKING - PRIVATE AND UNIQUE ;CashingOut;318;11.640;londra
[HQ LEAK] HOW TO CREATE FREE VIRTUAL CREDIT CARD | WORKING METHOD 2019 !!! ;Light Yagami;87;4.116;francisprotol21
Get $15 Google Play Gift Card [FREE] ;fedayn.;1.045;42.032;francisprotol21
Carding Mega Pack: Every thing you need to Know To become a PROFESSIONAL carder;shooter318;18;1.477;RAMKA65
How to crack Netflix Giftcards - Netflix giftcard generator and checker included! ;shinaito;209;7.209;bicentecrack
GET NETFLIX ACCOUNT [NEW METHOD 23/4/2019] FRESH 100% [FULL GUIDE] STILL WORKS ! ;Aang;458;24.402;kalashdog
[Tutorial] Dork Searching with Dork Searcher Ez;Lily;3;1.880;zivifl22
Netflix Cracking Tutorial For Beginners (FAST , EASY and DETAILED) ;Player;2.630;98.202;kalashdog
How To Get HQ Proxies | My Method | Ultra High Quality | No Webshare Or Proxyscrape ;Merged;782;27.749;keed
|TUTORIAL| showing you how to get the most HQ Dorks, Geting HQ Combos, all for free, ;CashingOut;97;4.722;billsddaa
Woxy checker mail access with 100 CONFIGS all new working fast checker with solution ;TimeChangeEverything;251;9.482;fokkeridellolpopmpm
|HQ| Netflix Cracking For Beginners! ;Dave_;152;5.435;doni11
How to get Free 100% working Steam keys/Wallets method no bin or survey with proof ;Like it;125;6.039;madafakayou9
Make Own Personal PORN Accounts like BRAZZERS,etc....( 100 %)working ;GuntherMagnuson;45;2.865;bobynames
|PRIVATE| MAKE UNLIMITED UHD NETFLIX ACCOUNTS| JUNE 2019 ;Dave_;162;6.536;ByRed0x
HOW TO CRACK FORTNITE ACCOUNTS AND GET SKULL TROOPERS AND OTHER OG SKINS!! | HOT | ;stcg;1.302;57.471;JasgTony
[HQ] MAKE LOTS OF MONEY USING NIKE AND STOCKX ;Lincoln;55;3.210;kalashdog
[2 METHODS] Viagogo Cashout Guide ;Reneboss;167;10.779;RobyDiMaggio
[Tutorial] How to Invite Your Account to Spotify Family Plan;cloud9factor;17;1.236;Alohamira
PAYPAL PHONE VERIFICATION BYPASS METHOD ;Light Yagami;72;3.208;clockxd2
How to make a Verified PayPal Account [LEAKED] [2019] ;Lincoln;28;2.681;Lilcame
20$ PAYPAL METHOD ;Light Yagami;148;5.698;clockxd2
Buy Stuff With PayPal For *Free* [HQ Method] ;Lincoln;178;6.436;ggff1kill
BEST PSN JACKING TUTORIAL - EASY & WORKING - NEW METHOD (WORKS IN 2019) ;CashingOut;306;12.134;fabiosilva1210
How To Crack Steam Accounts And Get Paid Games ;Ordwise;322;11.273;Goshaa
GET PRIVATE KEYWORDS FOR DORKS [MARCH 2019] ;NBA Honcho;160;6.778;MicroAltss
Cracking Help;PaschalisYT;0;839;PaschalisYT
"TOP 5 HQ ""AMAZON REFUND"" TRICKS & METHODS | HQ | NO EBOOK SHIT - PRIVATE ";Merged;74;3.930;drake112
[supreme];Ryze;368;14.683;wavyplays
How to get FREE VPS for free LIFETIME! ;SWAT;92;4.508;XANN
How to Crack Youlikehits accounts with points and get Free Youtube Subs/Likes/Views ;Like it;27;2.067;XANN
✅5K + FOLLOWERS DAILY INSTAGRAM ?FREE? FAST?VIP✅ ;J1LAVISH;49;3.060;XANN
❇️ All hacking pdfs,bots,softwares,.....❇️ ;luciakfer;30;2.422;VTX281
[WORKING]Unlimited 50+ Instagram followers per 5minutes ;imtherealdave;257;10.786;rabeh_china21
How Cracking Facebook Accounts Make Insane Money | For Advances (PRIVATE) (HOT) ;Merged;96;4.587;IwpLights
How To Make Money With Twitch Prime Accounts | Private | 500$ A DAY | Ultra HQ | Must ;Merged;157;6.432;Xbox123
[Tutorial] How To Use SQLi Dumper & Crack Hashed Passwords Afterwards ;Fuego;442;22.250;faracha30
HOW TO CRACK PSN ACCOUNT ;TimeChangeEverything;287;11.726;mt21lfc
[HOT] How to Crack Netflix Gift cards For Free (Hits Guaranteed) [Easiest $] ;Ordwise;745;29.445;flapdroleww
Complete Dorks Guide / How to make HQ dorks [HQ] ;Hamzhaxx;156;8.995;Valkoar
HQ How To Crack GiftCards 2019 ;Mac Miller;1.005;38.274;Nejigo64
HOW CRACKERS CRACK GIFT CARDS AND HOW YOU COULD DO IT ;eDeals;475;21.176;tyuzyeuz2365
GET ANYBODY'S LOCATION || HQ;hetpatel;10;1.027;demon10
[supreme];MummyQQ;46;2.425;John1030
AliExpress Method [PDF] ;Jennifer Lopez;32;2.193;Idrissben
[Easy!] How to Crack Spotify Premium Accounts (Feb 2019) (Links + Pics Included!) ;k3wl;167;11.353;crackedtogdpr
How to make dorks that are really effective (2018) ;TheN3RoX;359;15.637;Blazearyt
How To Get Free Private Proxys For Netflix ;Ordwise;148;7.230;qtFnvx
Online Amazon GC Checker [Updated Code for .co.uk/.es/.de/.in ] ;hetpatel;33;2.671;sigmund
[Tutorial] Make easy Money with cracking Twitch Prime Accounts - UPDATED ;Menrion;374;14.117;budiweah
[TUTORIAL] HOW TO DUMP SQLi DUMPER COMBOS MUCH FASTER ;Lincoln;43;2.521;saith1
How To Use & Crack Accounts Using Woxy 3.0 Latest Version 2019;JuNaiD™;11;1.260;kg62755
((WITH PROOF))HOW TO CRACK PSN ACCOUNTS WITH MAIL ACCESS + DOB BYPASS NEW METHOD 2019 ;Wracker;403;17.524;datboi123
How to get HQ Proxies for cracking (Premium Proxies) ;mrdoitall;58;3.268;qtFnvx
[NordVPN] Account Checker ;Lincoln;36;2.504;FlixcoLP
Why use shitty coaching where you have to pay 100$ to people such at Silently;0paradox0;1;943;IamDemon
[2019] - HOW TO USE DORK SEARCHER EZ TO DUMP DATABASES 1000 X FASTER THAN SQLI DUMPER ;Light Yagami;72;3.621;kernel00
[TheN3RoX] HOW TO MAKE DORKS MANUALLY [Full Guide] [Great for SQLi] ;Legendary;423;22.321;RobertIanis112
$500+ PER DAY (SEMI-AUTOPILOT METHOD);Light Yagami;21;1.419;umarkhan5645
[GC Checker] Amazon Giftcard Checker ;techguy009;93;3.928;CertiFyD
[supreme];Ryze;64;3.325;Mehran
((NEW)) HOW TO CRACK/HACK RDPS ||get rdps as much as u want|| ;Wracker;101;5.082;Kiran0008
How to crack Netflix gift cards [2019 Working] ;zinoddine;226;9.368;Kiran0008
[supreme];Ryze;50;2.946;Executarian
All in one checker / AİO ENGLİSH [Translated Screenshots / ALL VERSİONS] ;silence35;408;15.251;raye22
[1k+] Free instagram/social media followers/subs daily! ;witloof;82;4.602;blancocafelajan
[Tutorial] HOW TO CRACK NETFLIX PREMIUM ACCOUNTS [EASY] FOR BEGINNERS ;GettingRevenge;1.923;70.251;John1030
UNLIMITED FREE INTERNET 3G/4G DATA Mobile SIM Worldwide ;Lincoln;358;11.487;Q222Q
HOW TO GET SKILLSHARE PREMIUM FREE! ;stcg;107;6.863;Somebody0
How To Crack FA Rockstar Social Club Accounts And Get GTA V / RDR2 ;ForlaxPy;417;15.576;sane
[2019] Tutorial -HOW TO CRACK ACCOUNTS USING STORM FOR BEGINNERS [DETAILED] [GIFS] ;CashingOut;158;7.593;VlprioN
How to Make HQ UK Mail access combo for Ebay Cracking ;Like it;40;2.375;Nobody12
GET ANY EBOOK FOR FREE XD [BY Light Yagami];Light Yagami;14;1.176;Dentune
How to Dump HQ Combolist [ 100% HQ] The Pro Method . Hurry Up ! Netflix / Spotify ;Aang;135;5.579;chocolatines
GET YOUTUBE PREMIUM 6 MONTH SUBSCRIPTION;jonsnowlol;0;947;jonsnowlol
How to Crack Premium Accounts using STORM (Simplest Method) ;RexKev;43;2.325;almajid22
REALY EASY WAY TO CRACK STEAM ACCOUNTS || OFFICIAL||FAST AF WAY ;Wracker;133;5.668;amir2001
How to crack steam accounts fast w/ capture ;Reneboss;319;13.662;rabeh_china21
WIN 300$ BY DOING NOTHING (NEW);Light Yagami;16;1.201;Light Yagami
How To prevent Your cracked Netflix account from getting Locked/banned;Light Yagami;9;1.066;Light Yagami
Sites to not waste your time requesting ;ahmedkita800;677;27.848;Deathwish_EGY
My Aio [All in One Checker] Keywords ;silence35;232;9.407;zqwer
[2019] Exclusive HQ Private Keywords For Netflix Premium SQLi+Leecher Leaked;Like it;17;1.435;visitors
today i’m showing you how to make a netflix account ;cabeella;45;4.942;farhanari22
AMAZON.COM - KEYWORDS FOR YOUR DORKS;henessy;8;1.436;Hya
[TUTORIAL] HOW TO CRACK STEAM ACCOUNTS AND GET PAID GAMES ;Nesmo;48;2.618;azazello101010
HQ TUTORIAL FOR CRACKING BLOCKCHAIN WALLETS ! ;SioVer;73;3.706;chandakushwaha
How to get free Steam keys or any Giftcard and wallet 100% free with proof ;Like it;90;3.807;azazello101010
Method to earn with Telegram Fast to get method;upgruad;9;1.023;azazello101010
[TUTORIAL] [NEW] How to Crack Fortnite Accounts ;tamboza;237;11.190;rehab
WORKING NETFLIX CHECKER! PROXYLESS! ;mortexfx;43;2.549;losthunter
AUTOCLICKING SCRIPT FOR OJOOO PTC [$5 A DAY];Light Yagami;7;969;azazello101010
How To Crack Spotify Accounts ;SSJ;29;2.595;twinkel
✅[HACKS] Shutterstock & GettyImages [Working]✅ ;dream41;46;3.065;azazello101010
Get Super HQ Keywords For Dorks ;Mac Miller;250;10.817;shiro555
How to convert lolix to .loli (quick&easy) ;NullCheats;31;2.241;dlord
new Site give You Credit Paypal Amazon gift Steam Wallet PUBG Mobile UCFreeFireDM ;upgruad;113;4.616;AngryEditS
How To Use Udemy Accounts Checker | X-SLAYER ;nitish9911;56;3.319;Samsam30
How to change email on cracked fortnite accounts ( VERIFIED/UNVERIFIED) ;stcg;753;41.803;jacks.xz
Detailed Tutorial - How to use Openbullet + Downloads ;Lincoln;34;2.396;obey456
★.★Step by Step How to make a PRIVATE COMBO LIST ★.★ ;Louby;132;6.248;qj365
PAYPAL STEALTH ACCOUNT TRICK – UNLIMITED PAYPAL VERIFIED ACCOUNTS ;CashingOut;644;22.090;jakerasc
[Beginner] How to easily dump a database with SQLMAP ;Royals;235;14.494;fevr0nslaught
PUBG TRICK #1 Get new permannt emote for free;upgruad;8;1.106;A7MEDMO7EMED
HOW TO GET UNLIMITED GOOGLE CLOUD ;Light Yagami;27;2.279;rachid100
Upgrade your own Spotify Account [SIMPLE] ;Lincoln;41;2.214;Alekr54
Best Dorks Tutorial - HQ RESULTS - HandWriting Dorks (GOOGLE DORKS) ;Kostrikov;755;33.486;mesvak1
Get free vpn account for 5 years works 100% get it now ;TimeChangeEverything;76;4.331;Keystar
Keyword For Get Mail Access ;iiMohcineXx;183;9.765;nunanon
How to make Google Dorks | Make HQ Combos Now ;LoveSnowflake;65;3.723;liam077
HOW TO GET GOOGLE CLOUD RDP - NEW METHOD - VERY EASY TUTORIAL ;bugmenot134;105;4.848;Keystar
How to use V3N0M-SCANNER to scan your dorks and get URLS | Proxyless ;ForlaxPy;116;6.189;fevr0nslaught
raptor 3 powerfull combo maker (best one since a year ago ) guide + file ;mesvak;51;3.228;Keystar
MEGA HQ DORKS !! EBOOK LEAK ;Gaztons;70;3.451;denisdawg
HOW TO GET FREE REAL STEAM KEYS ONLINE 100% WORKING METHOD WITH PROOF ;Light Yagami;81;3.284;azazello15
How To Make HQ Combolist Valid For Netflix Site Cracking New Method 2019;JuNaiD™;1;933;spyd2k
How to get FREE Steam keys like PUBG or GTA V Full method 100% Working with proof ;Like it;348;9.454;Alekr54
Handwriting Dorks Information & Tips ;Star;68;4.382;Kanelita
How to get NETFLIX UHD FOR FREE LIFETIME[WORKING 100%] ;Lincoln;316;9.888;knowkinq
"how to get ""unlimited"" VPN [seedme VPN]";KTYM;4;976;Keystar
HOW TO MAKE HQ DORKS THE REAL WAY ;GodlyDorks;627;27.650;Bombbay7
How to Get a Free .edu Email Address **PATCHED and Working June 2019;GuntherMagnuson;21;1.381;Keystar
How 2 Get BlowJob Guide [PDF];Jennifer Lopez;24;1.370;Chrissofaded
Best SQLi Dumper Settings(Personally Used) ;Star;151;7.707;koxud
HOW TO MAKE VIRTUAL CERDIT CARD [PDF] ;Jennifer Lopez;59;2.942;codesraiz
How to create Google / gmail accounts bypass phonenumber ;Zoohaus;73;3.559;ragod
[TUTORIAL] DORKS - MUST NEED TIP;McBazzer;9;913;tutu23for
[TUTORIAL] How to Become A Cracking God [SUPER HQ] ;Lincoln;234;8.524;tutu23for
FREE UNLIMITED GMAIL ACCOUNTS! ;angelooo-18;96;4.102;ragod
How to create your own private dorks ;TheRealOof;45;3.061;peoplesucc22
How To Use Mail Access Accounts When You Crack On Woxy Mail Checker 2019 ;JuNaiD™;26;2.076;R4NG3R
HOW TO MAKE HQ PRIVATE DORKS - HQ DORKS FORTNITE;tuzosobop;14;1.293;tom12robert
FREE NETFLIX GUIDE 2019 ;Jennifer Lopez;49;2.378;jooelsaka
[2019] How To Get Mail Access Using Woxy 3.0 [DETAILED] ;Lincoln;33;2.183;R4NG3R
Free 1$ Google Play Credit. GET IT NOW ;upgruad;49;2.763;MasterScott23
HOW TO GET DISCORD NITRO FREE CODES 2019 METHOD ;Light Yagami;373;12.250;channing
How to Upgrade YOUR PERSONAL SPOTIFY ACCOUNT! | START YOUR OWN SHOP! ;MaLiK001;158;5.997;Fzzzyy
GET THOUSANDS OF FOLLOWERS / LIKES EVERY HOUR (not clickbait) ;hetpatel;28;1.854;kellhitemupfelloff
!! GET FREE ONLINE COURSES !! LYNDA,UDEMY !!;Light Yagami;11;1.082;yepoz
[supreme];MummyQQ;5;860;MummyQQ
[HQ] Get HQ Keywords for any sites | Professional | Video ;Code76;183;6.531;toffife
*FREE* GOOGLE HOME MINI METHOD ;PsychoSellz;104;5.597;Guzma
Advanced config making tutorial(Lukeroyal)-By xtestx ;xtestx;27;2.718;EGanemo
How To Get The Most HQ Dorks To Get HQ Results ! ;Fuego;202;8.778;Blazearyt
How to make HQ X-Slayer leecher Keywords+Make Gaming combo HQ for Uplay Accounts ;Like it;51;2.623;sergeantbruiser
Steam CRACKING TUTORIAL [EASY / FAST / MORE DETAILED] ;tamboza;327;11.960;john69np
Full length Private Dorks tutorial(Gaming+Mail access)Make Best Quality dorks+Private ;Like it;44;2.469;Pluggg419
method to get money really easy without doing anything! (free 5$ for the start);Light Yagami;21;1.258;Pluggg419
HOW TO GET MAIL ACCESS UNLIMITED COMBOS * ULTIMATE TRICK BEST FOR BEGINNERS ;74u;209;8.428;MARUECCOS
How To Get Netflix Free For One Month ;fulkxhpro;25;1.870;rgrtghtrijmkelmk
!! WEBSITE TO DOWNLOAD LOTS DATABASES FOR FREE !!;Light Yagami;10;1.004;rayn111
HQ only origin keywords with lot of hits ;fboas;247;10.487;dudukajuru
How To Make Your Own Virtual Credit Card ;Lincoln;47;2.368;lorupuxuho
How to get 14 DAY Gaming RDP Trail Utomik 100% working 2K19 ;Like it;26;1.655;Yahya789
[SUPER EASY] Start cracking accounts TODAY! | How to crack accounts for ANY website ;Lincoln;322;9.868;special200
How to bypass amazon cc verification on reset ! 2 methods leak . ;joker511;185;8.134;joselio1234
Free Domain + Website Hosting Tutorial (Re.) ;angelooo-18;57;2.830;XeDestroyerXbl
HOW TO GET FREE RDPS/VPS FOR CRACKING [NO SIGN UP OR CREDIT CARD NEEDED] ;cracked0;190;7.240;Bytheway
[EASY] GIFTCARD Cracking Tutorial ;DARKNET;1.602;69.672;VlprioN
Get Super Private Keywords For Dorks 2019 ;Mac Miller;202;7.720;Sliff
Easiest way to make dorks [1000s in SECONDS] ;Perileos;165;9.027;Darshankhan
MAKE GODLY HANDWRITTEN DORKS (NO HANDWRITING)(INSANELY FAST)(OP COMBOS) ;J1LAVISH;61;3.757;Darshankhan
HOW TO EARN MONEY 100$ PER DAY EASY ;Neelo;90;3.926;Bytheway
How to start earning finally. ;Edward;124;6.931;fanboy22
Earn money from Cracking | Guide/Tutorial ;Fuego;886;40.311;centrix1
All League Of Legends Keywords Provider ;CashingOut;80;3.963;Termaaaaa
Private Methode |League Of Legends Dorks| By DonXirus ;DonXirus;113;5.838;jmtrejoo1
[BEST TUTORIAL] HOW TO GET YOUR OWN PRIVATE HQ COMBOS USING SQLiDUMPER [NOOB FRIENDLY ;adamsimon;195;7.355;Alschori
How to make GOOD combos using SQLI Tutorial ;adamsimon;137;5.589;javinadufe
How To Make Money Cracking ;G24;229;9.345;demon10
[Tutorial] Way to Use backconnect/Rotating proxies with Sentry MBA ;Yuki;98;7.337;texh
Latest Netflix Trick [ 100% working ] With Proof [ 2019 ] ;lyn007;148;5.781;Maro06
NETFLIX NEW TRICK 2019 | PEOPLE SELLING THIS FOR 30$ BITCOIN | EXCLUSIVE LEAK BY Lyn ;lyn007;189;6.556;Rs2231
How To Get Free HQ Netflix Ultra HD/4k Accounts in Just 10 Minutes (HOT) ;Merged;225;9.363;Maro06
How to create a virtual machine for free;GettingRevenge;24;1.567;bilmm
HOW TO CRACK STEAM ACCOUNTS (FULL WORKING INDEPTH TUTO) ;Wracker;55;2.662;hejt
Steam CRACKING TUTORIAL [EASY / FAST / MORE DETAILED] ;tamboza;81;3.907;thrownking
HOW TO CRACK GIFT CARDS OF ANY COMPANY! {PAID 4 FREE} ;Light Yagami;170;5.759;thrownking
How to get HQ Proxies for a targeted Website [ HQ Proxies for Cracking ] No Paying !! ;Aang;130;4.485;Caux
How To Crack HQ LoL Accounts With Email Access ;Fuego;288;13.986;Trajdy
how to get free gaming RDP ;Rehat;127;5.259;Tommylee027666
[TUTORIAL] How to use TSP Dorks Generator v8.0 to have targeted combos ;CHAO;347;16.568;djarti77
[GUIDE]How to Crack VPS/RDP l WITH ALL TOOLS ;angelooo-18;85;4.207;Suckmykiss
How to fix OpenBullet Reboot not opening ;Micro;49;2.629;973204
[Tutorial] Cracking Hashes with JtR;Hans420;8;996;Hans420
[Tutorial] Cracking ZIP/RAR Archives with John the Ripper;Hans420;9;1.045;Hans420
HQ TUTORIAL FOR HQ COMBO MAKING WITH SQLI DUMPER FOR NEW MEMBERS ! ;RappaNow;1.888;74.219;Darshanbap
[FREE] Discord Nitro Code Generator (Using Python);wraithM17;18;1.175;WOOOO
How to get Free VPS 4TB traffic - 200MB/S internet - 4GB RAM - I7 ;none786;671;34.637;WOOOO
AiO / All in one checker FAKE HİTS SOLUTİON ;silence35;41;2.666;MINADO
HOW TO GET FREE HQ PROXIES FAST [HTTPS, SOCKS4, SOCKS5] ;SAVAGEx;29;1.783;MINADO
PuBG tricks;upgruad;1;871;wocil
HOW TO UNHASH FOR NEWBIES ;RappaNow;527;23.897;Lieopsi
How to scan and detect any type of Virus hidden in a Program (Important For Newbies) ;mranon1111;28;2.326;cxzczczx
Using Hashcat to decrypt email/username:hash ;Pr0xyl3ss;49;2.956;Sinarai
[EXPLOIT]Use Netflix access without Cracked Account ;BusinessM;126;6.176;don15
How To Create Infinite VCC | No Investment Needed | Verify Your PP | HQ - PRIVATE ;Merged;327;11.686;otaku98
Tutorial how to use tdork ;MERLINIANO;28;2.308;ArtzTrap
PRIVATE TUTORIAL HOW TO CRACK EMAIL LOGIN ACCESS ;r37z;291;12.214;r35r3v3r
[TUTORIAL] How to get Your Own Email (e.g lincoln@cracked.to) [HQ] ;Lincoln;29;1.931;xulah
10$ PAYPAL - AUTOPILOT METHOD;Starshipzz;0;824;Starshipzz
How To Crack Any Types Of Accounts | Fortnite,Minecraft,etc | HQ METHOD ;Merged;234;8.940;Najimea122
My private proxy tools ;kolo;32;2.091;rachid100
((NEW))HOW TO MAKE 100% PRIVATE AND HQ AF COMBO LIST WITH SQLI ||PRO BUT EZ METHOD LE ;Wracker;223;9.750;rachid100
Crack VPS & RDP Method 2019 ;Blamph;296;12.281;jaloxidoyjaloxidoy
Extremely Beginner guide on how to crack!;happyguy564;15;1.020;rami1
✅THIS IS HOW YOU GET HQ KEYWORDS ✅ ;dream41;229;8.055;Vipex
How to GET HQ PRIVATE HITS & COMBOS [Secrets Revealed] ;adamsimon;99;4.263;Vipex
Free HQ Proxies Method!! ;Pr0xyl3ss;164;7.091;shantia24
HOW TO GENERATE NETFLIX GIFTCARDS ;adamsimon;151;6.720;heenry
How to crack Fortnite accounts (CRACKING PACK + TUTORIAL) ;ChandlerMurielBing;108;5.271;souheil
How to make MailAccess combo without any effort! ;adamsimon;44;2.774;BMW
Get HQ Combos and Netlix Accounts for Free!;Devil;13;1.037;jhgdjh98798
How to Check Netflix combos without Proxies [ Best Method ] No paying [Proxyless] ;Aang;70;3.164;ANISNOUALI
|TUTORIAL| showing you how to get the most HQ Dorks, Geting HQ Combos, all for free, ;DonXirus;383;15.669;Jqshua
EARN MONEY FROM CRACKING | GUIDE/TUTORIAL ;MaLiK001;118;7.310;psistorm
I need a Hacker;midomark2016;0;789;midomark2016
Get Free BTC Easy Method (20-60 USD Per Day);HzLoger;20;1.152;codesraiz
Online Netflix Account Cracker (Proxyless)+(Method) 2019 ;peterfoy;179;7.410;ScemoChiLegge
CREATE 1 YEAR VALID HQ PORN ACCOUNTS ( SELL THEM );GuntherMagnuson;21;1.216;sr3688
Generate Netflix Giftcards The Regex Method ;asesina;195;8.321;sr3688
✅NEW METHOD HOW TO USE/CREATE GOOGLE DORKS IN SQL DORKS✅ ;ondralod;51;3.144;ceersomere
HOW TO UPGRADE YOUR PERSONAL SPOTIFY TO SPOTIFY PREMIUM ;DylanW;75;3.641;ceersomere
Tutorial Crack Facebook Accounts Bypass Verification ;Effoffwillyageez;195;9.088;chirag47
((WITH PROOF)) How To Crack Microsoft[Xbox] ACcounts With email access||2019|| ;Wracker;117;6.129;chirag47
★★★ OPEN BULLET CONFİG TUTORİAL ! ★★★ & CONFİG PACK ! | EASY;madcare;4;1.290;Ronaldhtike
Selling Minecraft Account FA;juanka123987;0;755;juanka123987
Decrypting Hashes [Beginner to Advanced] ;cloud9factor;79;5.350;aabomb12
[2019] Exclusive HQ Private Keywords For Spotify SQLi+Leecher Leaked;Like it;8;1.041;jalas
basic carding for noobs ;neon12;30;2.015;Clink
[WORKING] GET DISCORD NITRO + OTHER ITEMS FREE AUTOPILOT ;ImChickenYT;45;2.628;estyyxd
HQ CRACKING TUTORIAL FOR NETFLIX/SPOTIFY + 2 Tools ;Dende;265;13.093;TheHoldBeer
How To Crack Uploaded.net Accounts With New Proxyless Tool 2018 ;JuNaiD™;27;2.774;Enzane
[FREE] Amazon Gift Card ;RexAlts;79;4.616;schoolthots
HOW TO GET FREE HQ PROXIES IN 3 MINS U LILS LISTEN TO ME ;mesvak;59;3.204;MrACRx2
Best Way To Get HQ Proxies - Never Seen - Must Try - Better than Most Of The Tuts ;Merged;176;7.583;MrACRx2
How to make HQ Dorks! 2019 ;Devil;103;6.162;slimabid981
Unlimited Amazon Pay Balance For Buying Anything ;cracked0;81;3.878;takitakirumba00
Netflix Account Method ;cracked0;55;3.222;takitakirumba00
[A to Z] The Ultimate Guide For Cracking any Accounts ;EstimateDNB;799;33.341;Genovese
HOW TO CRACK FORTNITE ACCOUNTS (2019) ;SWAT;26;2.448;stefanpro1
[TUTORIAL] How to make HQ Dorks - Easy;Open;19;1.227;3LEG_TN
HOW TO DUMP DATABASE [ PRIVATE ] THE PRO METHOD ( BASIC ) ;Lincoln;26;1.766;infinitys
How to get HQ proxies for cracking/SQLi - High CPM and not blacklisted ;Famous Soylent;319;10.711;ALghaisan
[FREE][Tutorial] Sheriff's Ultimate Dox Guide ;SpaceStudio;47;3.237;Shxzuo
[supreme];TheShred;22;1.374;rancho tabak
How To UNHASH For Legendary Crackers | Not For All | Rest And Crack ;Merged;32;2.459;Aliexos
|HQ| How to stay safe while cracking!| Must read before cracking! ;Dave_;36;2.146;shazrin
HOW TO UNHASH PASSWORDS FROM YOUR COMBOS. ;Romzz;83;4.358;Aliexos
Cracking Origin accounts ;Void;25;2.467;kwebbelkop
How To Create Unlimited US Bank Accounts [PDF] ;Jennifer Lopez;31;2.793;pikachu7
HOW﻿ TO GET 40K FACEBOOK POST LIKES?;Light Yagami;14;1.000;hello220493
50GB of hacking tutorials very useful in hacking/cracking ;TimeChangeEverything;38;2.496;Aishamalik51214
How To Make A Combo List For Faster Cracks | Legend's Method | HQ And Private ;Merged;189;6.837;Keystar
[HOT] How To Hack Passwords Using USB Drive ;Effoffwillyageez;56;3.735;shoothereplz
How To Crack NordVPN Accounts HQ ;Mac Miller;94;4.657;TheHoldBeer
How to crack fortnite accounts! ;Renji;113;6.766;anderpos
[TUTORIAL]How to dump database 10x faster ;Pshyotic;49;3.063;fokkeridellolpopmpm
Kostrikov's DORKS and DataBases ebook RELEASED FOR FREE ;Kostrikov;296;13.122;Clink
How to crack Fortnite accounts (CRACKING PACK + TUTORIAL) ;CashingOut;90;4.439;zachy
How To Make Your Own OP Password List | Many Hits | Legend's Method | HQ - Private ;Merged;72;3.609;zachy
How to get private proxies for free / almost free ;Ghost;154;7.586;vpokdkd
How to get free VPS/RDP;Flamings;0;811;Flamings
New DB Dumping Method Tutorial (Private & Fast) [with Pictures] ;ForlaxPy;235;10.711;WorshTile
Amazon Refund Guide [PDF];Jennifer Lopez;23;1.305;astalabistababe93
How to get REAL Youtube Views+Watchtime Autopilot 100% reliable method ;Like it;66;2.865;Robinn
GET FREE TWTCH PRIME LOOT + AMAZON PRIME! (12/4/2019) ;Dave_;39;2.231;itslenox1337
How To Get Private Combo | No Sqli | PRIVATE | NEVER SEEN | IN 3 MIN - Insane Method ;Merged;946;33.525;Xluq123
Watch Netflix without an Account [HQ TUTORIAL] ;Lincoln;114;4.048;Bf1999
How to crack 500 Spotify Premium accounts per 1 day ;Azstar;45;2.709;omegalul001
HACK ANY WEBMONEY WALLET! ;Justice;37;2.258;amlan
FREE LIKES INSTGRAME U NEED TELGRAME!!!;Light Yagami;0;736;Light Yagami
BLACKBULLET PRASING HELP Needed from source;texh;0;619;texh
KEEP A CRACKED ACCOUNT FOR LIFE AND FULL ACCESS | NETFLIX, SPOTIFY AND MORE ;HHazard;123;5.030;mouadmamay
How To Get Free Rdp Or Vps.;kannnix;18;1.291;Flamings
How To Keep A Cracked Account Forever! ;Lincoln;57;2.491;hanlord
Website to get free RDP without Credit Card full original method 4GB ram RDP Full Adm ;Like it;145;5.034;Widowarts
HOW TO GET 6 MONTHS FREE AMAZON PRIME! ;Lincoln;89;3.851;tonybrew
MAKE MONEY INSTALLING AND USING BRAVE BROWSER;Light Yagami;4;714;ruwamu
How to make HQ Dorks ;adamsimon;73;3.507;BMW
Crack Passwords of Protected ZIP Files;adamsimon;12;1.060;BMW
How to make HQ Combolists ;Lincoln;39;2.015;JackSparro
"tuto for ""carding"" pdf";neon12;13;904;JudgemEH
How to fix woxy checker ;The Owl;65;4.006;gynmaxxi
How To Make Better Dorks;EliteEmper0r;18;1.310;Vubby2773
How to bypass Express VPN Max Connection limit! ;Ordwise;42;2.655;Yesyeahvh
Do you want to learn hacking and cracking?;Bitcoin80;1;689;Xelopo
How To Get Valid Serials For Anything | Open Your Shop | Very Easy - Very HQ ;Merged;80;3.623;PaciionSE
How to Get free GoDaddy Accounts with RDPs, Hosting, Domains for lifetime ;Like it;88;3.763;seifeddine1001
| GET 35 USD FREE IN PAYPAL OR PAYEER |;mitenks;0;696;mitenks
NEW TUTORIAL |Dorks targeted| By DonXirus, Make Sense To Your Combos ;DonXirus;52;3.611;jeurynini08
HOW TO BUY ON DREAMMARKET (DEEPWEB);Lincoln;7;826;KlaplNte420
How to make keywords to use in *LEECHERS* BASIC;KTYM;21;1.242;mrkamo
"⭐⭐Shreds HQ Dork Tutorial Cracked.to Exclusive ;)))))))))⭐⭐ ";TheShred;68;2.735;Sleepyy
[VID Tutorial] How To Get Free RDP Full Access For 1 Months 100% Free with Proof 2019 ;JuNaiD™;140;4.543;vnyulol
[Tutorial] How to get keywords for dorks;Lily;4;948;caradepapa
HOW TO CRACK SPOTIFY! FREE | FAST | HQ | PROXYLESS;Spookkyalts;19;953;Spookkyalts
Free Amazon gift cards ;cracked0;110;5.755;hellodarkness2222
A Detailed LoL Account Cracking Guide [ Beginner Friendly ] [ Includes Pictures ] ! ;Saphyre;78;4.092;hopfr789
[Method] How to crack NordVPN (Noob Friendly) ;Ordwise;89;4.238;Suckmilla
[100$] How To Dox Someone | Dox In 5 Minute | HQ And Private | Never Seen - INSANE ;Merged;84;5.001;Hdhhdh
HQ METHOD|How to get Steam Full Access| Only working with Mail access;RappaNow;16;989;schoolthots
Best Tutorial On HTTP Proxies | Tips On Getting HQ Proxies,Making YOU A MASTER OF IT ;Merged;108;4.613;Hdhhdh
Paciion | High Quality Accounts, Methods and Combolists | Cheap and HQ;Paciion9;0;553;Paciion9
Spotify Giftcard Generator + Checker ;kxee;121;5.674;ains97
How to crack NETFLIX. ;Kostrikov;268;10.766;Lacrosse
How to remove RAR folder password easy method with steps;Antiqueatik;21;1.157;worldclass3
How to Get Free RDP 8Gb ram 4 Cores 500GB HDD NO Credit Card needed 100% Work 7 DAYS ;Like it;189;6.046;online33
Register and win $ 25;mevioleawild5;0;544;mevioleawild5
Sign up make 25$;mevioleawild5;2;669;Crack007
The NOOB guide for hacking;FitGirl;10;1.689;Realting0077
JUST EAT UK - REFUND METHOD!;CobraMods;19;1.342;Hehd
How to NOT get busted by The FBI and Stay Anonymous ;Lincoln;50;2.788;tumxu
Make Your Dorks More Private 100% HQ ;Mac Miller;38;2.540;joel23
How to make German(.DE) Mail access HQ combo+HQ Keywords;Like it;13;943;joel23
[Steam] How to check if your code is valid without redeeming the card ;Malwarebytes;34;2.739;takedownman
Paciion | High Quality Accounts, Methods and Combolists | Cheap and HQ;Paciion9;0;560;Paciion9
How to make Sentry Mba configs like a Pro [Ebook] [Exclusive] ;TheN3RoX;123;6.646;armin_mk2012
Amazon CC + Phone +ZIP Verification Bypass Method 100% Works;alpha7;4;1.118;KeyDark
How to get the <USER> <PASS> variables working on the Open Bullet version. ;Ivar;69;3.785;ac178648
Lol script cracked Working [09/04/2019] ;Arthur213;58;3.499;luisgodinho
UNLIMITED WISH ACCOUNT 100 $ FREE;sait2;0;554;sait2
How to stay Safe from all Rats, Trojans, Worms, Malware, Loggers and more;Lincoln;16;1.093;khryback
How to get less skipped urls in sqli dumper;Mac Miller;19;1.248;del.doiandi1232
How to make money by cracking Clicksfly accounts with Proof 100% working ;Like it;35;3.968;chrxsss
OP PaySafeCard Methode ;upgruad;43;2.237;chrxsss
2019 | Cracking Minecraft Accounts;Sieto;16;1.117;fgasdhfhasd565
GET ANY Udemy COURSE FREE BY KAI FRANTZ;Antiqueatik;23;1.237;fayssal1a1
HOW TO CRACK GIFT CARDS OF ANY COMPANY! {PAID 4 FREE} ;upgruad;51;2.966;Teakpeak
How to create edu mail 100% works method i have tried it and works make azure rdp ezz ;UmairaliTHANOS;30;2.052;skev007
Devleecherv 1.2 GUIDE+TOOL(MAKE SUPER HQ COMBO IN 3 MIN ) :wut: ;mesvak;142;6.402;d.el.doiandi1232
CCleaner® PROFESSIONAL x1 UNLIMITED Use Key;harikesh409;14;1.027;siliconbuckets
PayPal ChargeBack Tutorial [PDF];Jennifer Lopez;21;1.251;itzJohnny
[Basics] How To Make A Combo List For Faster Cracks ;OMG;159;8.789;Dziksonn
How to crack g2a accounts;X_heisn;3;1.358;leroi
SQLI Dumper 8.5 VS 8.3 MY RESEARCH AND FINAL CONCLUSION ;noob007;78;3.756;GoldeNAA
How To use Aio Checker and Crack (blockchain,youtube,skrill,fortnite) 2018;JuNaiD™;3;1.027;itzJohnny
Crack LOL Accounts With Mail Access [EASY / FAST / MORE DETAILED] ;tamboza;134;7.203;hamzaech
How to get HQ FREE Proxies [Fortnite, Sqli and More!];Devil;22;1.125;Slicehypeers
[2019] Exclusive HQ Private Keywords For Steam SQLi+Leecher Leaked;Like it;4;798;GoldeNAA
Cracking netflix;ayoub145;4;1.669;USERANAME
How to make a SNIPR config tutorial with video included.;cloud6969;12;1.114;joel23
[Full Installation] Kali Linux/V3n0m-Scanner Gets Urls The Fastest WAY! ;Reneboss;71;4.218;joel23
✪How to crack rdp✪ ;existscam;196;11.649;syahmiemoboyz
[TUTORIAL] How to get HQ proxies for free! | 4 Methods | Best For Newbies ;Uramasa;91;3.461;joel23
How To Get Unlimited Google Cloud ;cracked0;32;2.293;molposr
[TUTORIAL]How to dehash passwords or any text;Lacrosse;2;722;Lacrosse
HQ Private Keywords For Fortnite SQLi+Leecher 2019;Like it;13;858;FishinTrip
[2019] Exclusive HQ Private Keywords For Origin SQLi+Leecher Leaked;Like it;6;894;yabihul
DORKS FOR DUMMIES GUIDE OOOOF WHAT A PLEB LEAK OOOF BOOBIES;mesvak;17;1.157;yabihul
VPS/RDP Cracking Guide 2018 | 0 to 100 | With All Tools | Free ;Fuego;420;16.003;Vesper007
How to crypt a keylogger or rat or stealer to cheat virustotal METHOD 55/67 to 11/67;smartestkid;1;946;seo decompile7
20$ paypal Method ;upgruad;80;3.511;PineappleHerbz
Grammarly Accounts Checker | X-SLAYER;nitish9911;10;1.072;Pinkey552
How to crack/bruteforce RDP'S | Working 2018 ;Devil;29;2.639;addbot44
Generating Netflix Gift Cards ;Forzadiver24;206;8.790;WOOOO
I most likely have what ever you are looking for;Sellermaster;0;691;Sellermaster
EBAY METHOD;Light Yagami;15;1.029;Lec1
How to rank a Fiverr gig [PDF];Jennifer Lopez;5;810;aifssa
best rats (for spying some1 elses systems ) written by ma hand mesvak with files;mesvak;21;1.385;vkakalah
How To Get FREE 2 Months Spotify;r00t3r;7;829;AleMarin
[EASY] [CRACKING PACK] How to Crack Fortnite accounts with valid hits. ;tamboza;461;18.681;seitzy
How to get MYRZ Antipublic Checker for 100% free working not cracked With Proof;Like it;8;853;joxdesigners
to many links for getting instagram followers and likes list em for ya ;mesvak;44;2.582;vafo
Ebay Method ;upgruad;67;3.248;Rahmeen
Best Dorks Tutorial - HQ RESULTS - HandWriting Dorks (GOOGLE DORKS) ;CashingOut;71;3.073;reemp91
PDF Best Cracking eBook Ever !! Best for Beginners! ;YaSserX;34;1.956;reemp91
[VIDEO] How to Crack PREMIUM Spotify Accounts;Yoakz;10;942;reemp91
How to stay SAFE while YOU are CRACKING;Lincoln;20;1.064;reemp91
V3NOM Scanner Tutorial | Kali Linux | Get your private combo today | 10000x than Sqli ;Merged;180;8.757;bumbumbori_ttv
[supreme];Stortex;22;1.352;mimotn5
[Advanced Method] League of Legends Cracking Tutorial ;DeKing;78;5.804;wanted1337
HOW TO GET COMBOS USING SQLI | BEST COMBOS | PAID COMBO FREE | SQLI DORKS! ;CashingOut;146;6.359;Buxna420
[HQ GUIDE] CRACKING USING SENTRY MBA (MAKE HQ DORKS, COMBOLIST AND CHECK THEM) ;N3R0X12;27;1.987;seitzy
((NEW))HOW TO MAKE 100% PRIVATE AND HQ AF COMBO LIST WITH SQLI ||PRO ;TimeChangeEverything;98;4.483;mohamed841
Paypal Method (Greatest) ;upgruad;87;3.392;wtf6969123
How to Avoid, Eliminate, & Resolve ANY Limited Paypal Account [PDF];Jennifer Lopez;8;961;fu1
How to Steal Bitcoins: Part 2 (Cracking Bitcoin Core wallet.dat Files) - Never Seen ;Merged;48;3.140;munuhe
Sentry MBA 1.4.1 Multipatched;Notagay;18;1.744;nucleo77
Get free products on Ebay method ( I am currently using it ) ;Lincoln;54;2.414;Zthekiller
|HQ|HOW TO GET MAIL ACCES ACCOUNTS?|PART ONE!;Dave_;17;982;1qaypnl
ALL NEED THIS Methods : shopping Gaming ALL :) ;cracked0;48;3.257;entirehole99
Buy you Rdp;ThomsHopkins;0;1.434;ThomsHopkins
Minecraft Optifine EmailAccess Method :D ;TobitoFatito;144;7.708;asdasdasdasd25
Get BTC Wallet backups, Combos, Databases, Ebooks All FREE PROXYLESS ;Mac Miller;45;3.475;Lizm_123
[SentryMBA] Basic --> Advanced - EBOOK on How to Make Configs!;Maine;24;1.791;HACKERMANIAC
|HQ|HOW TO GET MAIL ACCES ACCOUNTS?|PART TWO!;Dave_;10;813;qpq96664
Leecher,Cracking [HQ] Useful Keywords [mega.nz] for everyone. ;DeerpfyCheats;27;1.870;qpq96664
[Tutorial] How to use SQLi Dumper (Using the newer version of SQLi Dumper);ge9d;11;991;Azhar malik
How to make dorks (Basic) ;TheN3RoX;61;4.338;pvplost2020
HOW TO CRACK A PROGRAM WITH OLLYDBG AND MAKE A KEY GENERATOR ;Her;120;6.252;doom97
[ROBLOX] ACCOUNT CHECKER FREE SİMPLE FAST ;CyberAriba;26;2.155;DanarShop
FORTNITE MAIL CHANGER EPIC METHOD ( 100% WORKING ) ;ChandlerMurielBing;202;8.209;britebomber
How to buy Cheap Steam Games [PDF];Jennifer Lopez;4;796;ajabdel12
How to check for google urls with SQLI Dumper 8.3 without VPN - PAID ;Kostrikov;143;6.806;Aree44
How To Get Free Stuff.;Lincoln;14;917;ruwamu
Easy Money Tutorial for Noobs - Make $3000 Per Month(HQ HF Leak) ;angelooo-18;65;2.933;AzStoinou
HOW TO CRACK FORTNITE ACCOUNTS - GET RARE SKINS ! ;Fuego;97;4.905;thydric123
Remove Duplicate Combos/Proxies!;zeda;14;1.113;PerkZ2001
Free Random Steam Key | Every 10m | No Bullshit✅ ;1-EvilBear-1;48;2.278;HassamSohail0
Proxy Checker With Country Filter [SOCKS4,SOCKS5,HTTPS] | X-SLAYER;nitish9911;12;1.062;meovovan
SKID A HACKED CLIENT||EASY||5MINS||;N0P;13;1.665;Jaxon134
How To Get Better At SQLi #1 | Finding HQ Keywords ;GodlyDorks;234;11.232;BendyYT
How To Get Free Daily Combolists ;dioxide;38;2.038;7rbxx
HQ Spotify Keywords;Server;6;2.087;Gleeman123
How to get free random steam key within 10 min ;TimeChangeEverything;59;2.779;ItzSlythh
Upgrade your Spotify account [Easy/Free];Hateo;10;1.076;1Requiem
How to Steal Bitcoins: Part 1 (Cracking Encrypted USB Drives) - A Tutorial Never Seen ;Merged;31;2.388;xubi2
[supreme];mesvak;1;594;edkoman
G2A Refund method. Get free games! ;DangerSlave1;63;2.999;deyex
How to take a screenshot on a PC;Cthulhu;8;838;Ravan
EARN MONEY BY CRACKING [TUTORIAL] ;Romzz;62;2.925;toqqlizzda
✅[100% GUARANTEED] HOW TO SE LOGITECH [BEST WAY]✅ ;dream41;35;2.253;SAVAGEx
HQ Tutorial About Cracking RDP/VPS with details ;ForlaxPy;167;8.309;paraz
How To Properly Use SQLi Dumper And Get HQ Stuff ! ;Fuego;123;4.727;trynalook
[HOT] Unlimited Steam Account Generator | MAIL ACCESS ;Tana Allen;44;2.356;hyttfyftft
[supreme];mesvak;58;2.561;attemptedh0micide
HOW TO GET PRIVATE PROXIES FOR NETFLIX [FREE] ;Lowie;41;2.041;ale111
FILTERING COMBOS FOR x2 FASTER CHECKING;mmslickpc;16;1.266;ge9d
origin checker by xslayer crash;Taktika5;0;606;Taktika5
How to create virtual credit card;Gusy;1;633;braccamenta
[supreme];AZATEJ;15;1.328;yustahilmu
1450+ HQ Private Keywords for Slayer Leecher ;Eclipze;28;1.657;eChapterz
[VIDEO] How To Crack RARE Fortnite Accounts In Season 9! | May 2019 ;DCP;35;2.069;frozones
How to stay safe while cracking [NEW PEOPLE MUST READ] ;EliteEmper0r;95;4.800;SzSzebi
OptifineChecker v4 By KiduxLeecher [TUTORIAL];xugiwolaj;4;663;Stravar21
2600 PAID UDEMY COURSES FOR FREE (PHOTOSHOP,HACKING,ADWORDS,AFFLIATE...) ;cracked0;32;2.156;Deltaaaa
[Basic] Get clean and free Openbullet for newbies [blackbullet alternative];Pinkzord;7;863;mlastoninas2019
[MARCH 2019] How 2 use Dork Searcher EZ to dump databases 1000x faster than SQLi Dump ;NBA Honcho;110;4.671;Shadow121
How you can get Databases and Passwords Yourself no Need to Leech ;Ghost1pm;245;13.219;kiril1331
BEST FREE PROXY GUIDE;PsychoSellz;17;1.598;5elin6
Free Rdp Method 10 Euro ;SoullessPimP;28;1.930;iamalivealways
GET FREE 365 DAYS LICENSE KEY ADGUARD BETA PREMIUM;angelooo-18;5;700;raoxnei
HOW TO GET YOUR FREE PERSONAL PROXIES.txt || INSANE METHOD 100% / HTTP-SCK4-SCK5 / ;RUST;105;4.431;SAVAGEx
How to crack Spotify Premium/ (SOMETIMES) accounts - FOR BEGINNERS;shinaito;5;786;UpTwentyTwo
How to upgrade your own spotify account to premium [EASY];Klevis93;4;910;timtim974
In-depth About Gift Cards Cracking ;Reneboss;142;5.820;italkmoney
Spotify Checker Proxy less (super fast) (not mine!);BR3ATI;8;782;Efkan88
[Tutorial] Your Proxyless Fortnite Checker Stop Checking ? Check this out. ;Ninie;47;3.186;bturner999
CardoneUniversity.com Collection || 946 Files - 26GB;ChandlerMurielBing;5;832;MasterIsHere
[supreme];mesvak;3;653;MasterIsHere
[supreme];mesvak;12;850;MasterIsHere
How to get Amazon prime for free;Gusy;0;790;Gusy
How To Spy On a ANDROID PHONE - Never Seen Before ;Merged;64;3.466;Brocz11
NETFLIX Full Method working 100% ;upgruad;86;3.553;kjkl987
[HASHCAT GUIDE] Cracking Tutorial - How to dehash passwords? Newbie Friendly! ;Stella;56;3.562;qtFnv
Selling everything (Amex hliton paypal configs/accounts!!);LynxAfrica;0;522;LynxAfrica
All Symbols for PUBG;Antiqueatik;2;662;nishanth13
Sentry MBA Error [420 - SSL handshake failed] FIX ;Bull3t;62;4.292;d4ddykr4k3n
"[Tutorial] How to fix ""SQLI Dumper not responding!";MERLINIANO;23;1.577;CAMERONx
SQLi Dumper [How to use and Dump databases] ! with images ! ;iLoveCracks;33;2.565;chalvenerd
How to get access to NORD VPN (Bin Method) Working 28/03/2019;Thoth;8;990;skyrocket
How To Make Storm Hacking Config Of Any Site Latest Method;shivan2;12;956;Tornado VeNOmcxv
HQ Cracking Ebook => For 20$ BTC;Shqipezzz;0;791;Shqipezzz
How to Get free Gaming RDP from Shadow Tech 100% working method By Thanos Crax;Like it;17;1.112;AbdoNassari
PayPal account Checker new;MohamedNa;0;688;MohamedNa
PAYPAL IMAGE MONEY MAKER!;Light Yagami;15;956;liam077
How to get Free Youtube/Facebook/Instagram/Twitter-Subs/Follow/View/like/Tweet 100% ;Like it;60;2.717;barman196
UnHasher By Unkown & Someone ;Renji;38;2.579;oofster22
sqlmap AUTO DUMP EMAIL:PASS TUTORIAL(you can be lazy and eat chips while waiting) ;GodlyDorks;121;6.816;MicheltvTitten
EROS NOW 1YR FREE TRICK;nitish9911;12;1.125;politeworkersall
How To Crack IPTV Premium Accounts | new IPTV Cracking tool 2018;JuNaiD™;3;1.246;stunner2311
[Tutorial] How to get Proxies!;ge9d;4;1.030;gmogmo
How to Make a Simple API based SNIPR Config;Nord;14;1.403;davidabrantesg
Methods to make money cracking Instagram accounts ;Pyrobot;55;3.196;xSnaQz
[Netflix] Watch US series from any other countrys;Nesmo;4;823;kamaximo
How to upgrade YOUR Spotify account to premium with cracked ones.;angelooo-18;7;860;jorge705
How to Make RDP 7 GB ram 2.3GHz Working method 100% with proof ;Like it;60;2.634;StoneMan
Get views in Youtube, Adfly, etc;angelooo-18;16;1.134;ethernetstar
------------------------------- ;Royals;88;7.358;eliode24
Regex - what is this and how can I use it? Be a cracking master, use regex. ;Simon;38;2.887;yagavizeyo
New method to Bypass date of birth in psn account ;Arthur213;46;3.158;Lelelaxii
CCleaner Pro Edition Tutorial;harikesh409;2;666;goose
How to make a simple blackbullet config ;Mac Miller;39;2.568;sadadadd
WHAT IS THE BEST PROXY PACKAGE FOR CRACKING?;SUPREME12;2;745;SUPREME12
New .EDU email method (Paid) ;Realgamer19;132;5.847;HippoSky
Cracking Passwords with Hashcat;Dayvx;18;1.241;Eltron
Earn money from Cracking | Guide/Tutorial Part 2 ;Fuego;189;8.900;AzStoinou
[HELPFULL] HOW TO KEEP A NETFLIX ACCOUNT LONGER;M4niac;7;797;ibuu
closed;xugiwolaj;3;669;hemant.virwani
HOW TO CRACK SANBOXIE (CRACK ACCOUNTS SAFETY);matiolini;3;754;XerXes ツ
UNLIMITED PHOTOSHOP TRIAL ! LEGIT TOOL;Rey92;0;622;Rey92
How i actually made money from cracking - Full tutorial ;KSZ;368;13.432;MegaFaggot.
Recommend some good twitch proxies;wollz;2;745;wollz
Hack Device Connected To Same WiFi Network Using Kali Linux ;mesvak;31;2.505;mhdcc1
Hire Certified Hacking Professional;jumper4040;0;885;jumper4040
How to Crack RDPs Full method 100% working with free tools ;Like it;25;1.680;SKYSISPROD
Make Snipr's CPM 2X FASTER!;Ordwise;8;971;bajwa0023
4K HQ Netflix Keywords 2019;Server;5;1.705;zojasow
How To Use Spotify Checker Proxyless Ultra Fast with capture By Yuri;nitish9911;2;756;jonas6969123
[Noob Guide #1] Essentials to cracking what you NEED! ;EliteEmper0r;41;3.027;Akashvyas
Unhash SQLi Combo;batarijaru;8;805;GuardianEzPZ
RDP 2019 Azure Trick Get 4 hours RDP , Create Unlimited Times ;shivan1;33;2.018;xubi2
How to change Email address of Fornite 100℅ Success ;TimeChangeEverything;31;2.061;BoyDiscover
How To Get Paid Proxies For Free (Refunding) ;G24;71;4.541;YeahFhezxs
How To Crack Instagram Accounts with Capture New Cracking Tool 2018;JuNaiD™;10;1.193;Simboo
[VIDEO] How to use SQLi Dumper : Dorks / Injections / All you need !!! [HOT] ;CHAO;104;4.932;jitomupan
Method 1 - (US ONLY AMAZON GC);upgruad;22;1.087;Ous Salmi
How to use cracked PSN accounts/Detailed/ ;Arthur213;87;5.419;maleh011
What is a VirtualMachine/Sandbox and why you should use them!;Lincoln;8;742;GuntherMagnuson
Crack PSN Accounts New Method | 2018 ;evangel;102;6.067;gamerjobia
How you can get databases yourself!! No need to leech. ;Pr0xyl3ss;50;3.723;madmove
Method 2: Amazon FREE ITEMS - (FOR RESALE);upgruad;21;1.227;wually95
[EASY] How to crack Netfllix Accounts ;Lincoln;45;2.353;iamalivealways
ORHT - HOW TO DECRYPT HASH EASILY;VrOx01;3;701;snyder
How To Make Fucking HQ Dorks ;Τanner;70;3.270;Ryuko-.
[supreme];Ryze;5;1.030;JehxiEU
SQLi Dumper Private Settings Release ;Louby;99;5.525;emolao
EARN INSTANTLY 25$ WITHIN 3 MINUTES FULLY LEGIT NO REF ;Light Yagami;26;1.734;Light Yagami
Why does my openbullet say this when i start checking?;_chapo;1;743;whodunthat
.DOC Exploit | DOC Joiner 2019;repvip11;0;709;repvip11
HOW TO CRACK RDPS FULL METHOD 100% WORKING WITH FREE TOOLS ;angelooo-18;38;1.884;ZUke
How To Crack Uplay Account bySentry Mba Tool;JuNaiD™;2;828;MasterGidse
How to use New Atlantr Mail Access Checker HQ 10K+ CPM Proxyless Updated domains;Like it;16;1.056;azaic
[Minecraft] Can someone help me crack FA Minecraft accounts?;V3jsil;0;557;V3jsil
HQ Dorks Tutorial! How to get HQ Dorks in 2019 [Google ;angelooo-18;74;3.131;Hans699
Cracking tutorial for beginner with SQLI AGONY CRACKING Ebook ;GZUZ;29;2.334;MKH2050
How to get a VPS for $1 (4 vCores - 8GB RAM - 160GB SSD);angelooo-18;21;1.304;oubi1010
"Method 3 - ANY AMAZON ITEM FREE! ;) ";upgruad;44;1.953;ginuine
[Tutorial] How To Get Easy Combo Lists! [EASY] ;zeda;27;1.990;Oie3242425
How to get netflix giftcards new method with private proxy method HQ 100% works ;UmairaliTHANOS;49;2.750;ezzysnipex
PSN HQ Dorks !!!!!! 100%;BilalOOx;5;716;rakan123
How To Crack Uplay Account by Sentry Mba Tool;JuNaiD™;11;1.026;kaerell890
[HQ METHOD] HOW TO KEEP A CRACKED ACCOUNT FOREVER! [NETFLIX/SPOTIFY/MINECRAFT ETC...] ;angelooo-18;97;3.635;estar44
How to get all Adobe Programs like Adobe Premiere for free;Trapdesaster;3;749;Hidarali
[VIDEO TUTORIAL] How To Make BlackBullet 2.4.4 Config + Capture Full Details 2019;JuNaiD™;15;1.026;burhan666
How to get unlimited rsocks trail;Ghost;16;1.123;wollz
How to earn with cracking full tutorial with links;AcidRune;4;717;hitman237
How To Earn Free BTC;Lincoln;6;735;whateveridc
How To Get Paid Cracking Tools,Nudes etc For Free | Extremely HQ & Private (Insane) ;Merged;131;6.183;bingo22
Netflix Checker (Ven0mFlix) - Latest Netflix checker Tutorial;tuzosobop;17;980;cosmitir1e3
How to get all Adobe Programs like Photoshop for free;Trapdesaster;0;658;Trapdesaster
Account Shops List ;xZeLLenZe;29;2.082;GirlsLoveSumo
Keyboard Shortcuts For Better Cracking ;Ghost1pm;32;3.123;ravn2527
Snipr Tutorial- By xtestx ;xtestx;70;5.144;darksyz1337
How to become epic with my HQ LEAK;Gaztons;3;825;Gaztons
Smtp Cracker Private Fixed work 100%;sankou7i;1;651;Tommy010
How to get working ssn?;Tapash;0;626;Tapash
*NEW* Fortnite Gun Scamming Method!;CashingOut;8;769;Rey92
((FULL EASY METHOD)) HOW TO CRACK FORTNITE WITH MAIL ACCESS ((EZAF)) ;Wracker;105;5.526;varexakdi
[E-BOOK] Steam Account Cracking Guide ;Dog;93;5.640;SPaReine
How to get super HQ keywords ;PsychoSellz;75;3.687;itsComplicated
Express vpn Keys | High-Speed, Secure & Anonymous VPN Service for free | lifetime;nona78;0;596;nona78
Free Razer Products Method;upgruad;14;973;sertifly
RDP Cracking method;jack123ab;1;690;habib41
Any easy way to get free food in the UK?;TeZhh;1;615;MSB
That's how to crack LoL's accounts, Thank me later HQ tutorial ;boomboompow;41;2.431;civewdsasdas1
(NEW JUNE 2019) HOW TO CRACK STEAM ACCOUNTS! (Beginners);V3jsil;0;715;V3jsil
HOW TO CRACK VPS;www00;2;1.055;bujipepiz
How to crack and check fortnite accounts ( Detailed ) ;TheRealBDA;96;5.212;RicoTheConqueror
Spotify Upgrading Method. [EASY UNDERSANDABLE] [WITH PICTURES] ;TheRealOof;31;2.405;yeetdab21
CRACKING TUTORIAL [EVERYTHING] [PAID];Vape;0;619;Vape
How to Get Free GTA AND RD2 Accounts for all Platforms(PC, PS4, PS3, XBOX)100% work ;Like it;25;1.748;sdasd1
HOW TO BYPASS YOUTUBE COPYRIGHT - 100% WORKING 2019;TimeChangeEverything;2;796;phil
How to make Mail access Combo Part 2 with 100 NEW exclusive HQ keywords;Like it;13;957;ranka
[Advanced Guide] How to make your own Combo Lists using SQLiDumper ;Effoffwillyageez;129;7.127;eivar
[iNSANE] Start cracking #HASHES# today /Good for new plebs\;i N S A N E;5;708;amalkjjj
Ebook for dorks (Learn Making Dorks For yourself) ;iiMohcineXx;36;2.585;wakanda99
HQ TUT, How To get Injectables extremely fast, (bypass exploitables stage etc) ;TheShred;41;2.453;rezafathi
6$ [HQ] ACCESS PROXY WEEKLY FREE BY ME!;i N S A N E;13;878;i N S A N E
ethical Hacking course;brucethomas;0;627;brucethomas
[Updated EBOOK for 2019] How To Crack ;ge9d;87;4.019;Dylanlap3312
HOW TO BYPASS PSN DATE OF BIRTH (MAIL ACCESS);underik;7;759;lolilakck456
"""Gold Method"" Cracking Fortnite Accounts ";K4L1;58;3.919;Mata69
Dorks How to get newer HQ dorks ;TheShred;31;2.145;eliode24
HQ Method | Get Giftcards or Games for free *REFUND METHOD* ;RappaNow;59;2.612;james1215
the best sqli dumper version;mohamed2002;0;605;mohamed2002
Keywords -- spotify,lol,fortnite,etc;najt;8;754;diwmlvlm
Beginners guide to cracking tool Storm (Screenshots included);Rolex;22;1.653;bluffy
How to Get Free gaming RDP 100% Working For GTA V, PUBG, APEX, Fortnite, CS GO ;Like it;70;2.774;sunny123
PayPal Image Money Maker!;upgruad;20;1.128;Blackchap3l
The best tutorial for beginners to crack and earn money ;GettingRevenge;111;5.400;PerfectN
x100 NordVpn ACCOUNTS;calpsocsc;3;674;kendrick2
HowTo Use Woxy V3.0 Mail Access checker By Thanos.;nitish9911;9;961;5elin4
How to get instagram followers for free ;TAKE THE ELF;100;4.601;Dudenetx2907
Crack *-Scibd Accounts-* [Config Full Capture + 3K CPM ];PROSOX;0;625;PROSOX
How to get free GTA V on Social club game for free 100% works;Umair121121111111;15;1.232;derpysaysrawr
How to use Woxy V3.0 Mail Access checker with 101 configs all exclusive;Like it;16;1.097;ExposingDelayer
[WORKING] FREE JUUL + $40 VISA GIFT CARD IN JUST MINUTES!;youngboof;7;1.029;blackseoo
Generate and check keys Nvidia Geforce Free Keys ;TimeChangeEverything;55;3.012;elmi666
[WORKING] GET DISCORD NITRO + OTHER ITEMS FREE AUTOPILOT;louga31;4;851;louga31
680+ Cracking & Hacking Tutorials ;Effoffwillyageez;68;3.958;Effoffwillyageez
eBay Method #2;upgruad;19;1.057;denisdawg
[New] EARN money with FACEBOOK at HOME;pruned;7;839;piscedor
How to Make Mail access combo Using Private Keywords 2019 100% works;Like it;7;888;Mnicr778
[TUTO] How to crack IPTV channels + >>[IPTV CHANNELS] [FRESH]<<;Farouk07;1;684;sadwick
SPOTIFY CRACKING METHOD ( QUICK AND SIMPLE );NBA Honcho;12;1.101;abdilogs
"Exclusive For Cracked.To New Private Dorking Method : "" Target Search "" By Don ";DonXirus;77;4.604;tomodab
How to crack more efficiently;NAViX;10;982;FishinTrip
[RoyalAIO] HOW TO CRACK FORTNITE ACCOUNTS [NOOB FRIENDLY TUT] [PROXYLESS CHECKER] ;Zalenci;251;12.996;KOSW
Robux Method Get 100K Robux in Day ! I ADVICE YOU TO USE IT ! JUST NEW WAYS! ;SAFA79;25;1.856;SpecsTemp
Can actually someone help me with this credit cards?;Lowie;2;691;Hans693
How to make HQ Proxies for specific websites using X-Slayer Proxy checker V0.2.1;Like it;11;1.055;Alessio44
How To Upgrade YOUR PERSONAL Spotify Account To Premium | Open Your Shop | LIFETIME ;Merged;116;5.336;cocacola123
Creating HQ combos and cracking with Sentry MBA!!(Detailed Tutorial)(Paid) ;Realgamer19;59;3.452;Lucksuk
HOW TO USE STORM & GENERAL KNOWLEDGE | PDF;meowtit;2;730;natascha
Hotstar Premium Login Account without OTP;nona78;2;767;ADONYX
How To Find 50k HQ Proxies For Cracking 2018;JuNaiD™;14;1.386;Alpha9584
the best cracked proxy gather (socks4 . socks5 . https . http) LEGIT !;ammello;3;684;sait2
Cracking Steam accounts for newbs ;XenoCat;63;3.514;XenoCat
HOW TO CREATE GMAIL ACCOUNT WITHOUT VERIFICATION ;Anonmusk;25;1.974;rago
Cracking SQL Passwords;iJuggerNugget;7;983;Zubcake
Best Dorks Tutorial - HQ RESULTS - HandWriting Dorks (GOOGLE DORKS);RayahnOff;16;1.040;rayan0982
Cracking beginners guide ( with tools ) by @alimuncher v2 ;alimuncher;74;3.807;DarkHelper
searching for fake vpn buying;wazior;0;677;wazior
"Dorks.PW ""Private Method"" Video ";TheShred;73;3.385;rami1
⭐ 190K SQL DATABASES ⭐;tartarus1337;10;876;ElectroMagneticplayz
Help;Syther;0;619;Syther
TRANSFER PP (PAYPAL) BALANCE ;MaLiK001;33;2.230;animeisnotdead
Crack Vyprvpn Accounts + Proxy Guide + Super Low CPU Usage;Mac Miller;20;1.264;steve02
VTOPE | SOCTOP RUSSIAN VERSION WITH FULL YOUTUBE SUPPORT (get insta followers);Light Yagami;0;618;Light Yagami
[HOT] How To Crack Many Spotify Accounts [EASY WAY] ;TimeChangeEverything;33;1.978;Stage45
How to be good at CRACKING [ Full Guide ] 100% [Tricks-Tips] ;Aang;33;1.922;SteelStealer1
How To Crack Netflix Accounts Using Sentery Mba With New Config 2018 ;bodaelnegm;29;2.359;WORKWOLF
How to Get HQ urls for Sqli Dumper! ;Devil;42;2.166;ZCHRYSA
Red Pack - The ULTIMATE Cracking Guide *Includes checkers*;JoleAlts;21;1.449;Runningg
My brand new selly.gg account store;Anon420;0;661;Anon420
Bypass Adblock Detected problem on any website;nona78;5;687;Spok3y
HOW TO GET COMBOS FAST - FOR DUMMIES (SLAYER);SAVAGEx;8;906;Beglore
HOW TO MAKE A SENTRYMBA CONFIG WITH CAPTURE | WITH CONFIG INCLUDED! ;Hawk;49;3.405;Shadow12
how to make HQ private dorks method for beginners and advanced! ;blargon;136;5.880;DarkHelper
CHECKERS?!?!;donator;0;599;donator
Netflix Cracking Account Private Method {No Proxies}{No Paod Tools};Litekex;1;673;Dyanron
ETHICAL HACKING COURSE WITH CERTIFICATE !! FREE !!;skulltech;0;597;skulltech
[RELEASE - 2019] TC FORTNITE CHECKER | 20k+ CPM |;MyNameIsJeff;10;914;TrafficVicious
i have a mail that have paypal how to reset it??;Sktpawer;0;562;Sktpawer
Im Looking For A config maker;SoullessPimP;0;584;SoullessPimP
Cracking Apex Accounts Ban Question?;hypeguy;0;641;hypeguy
How backdoor html pages are uploaded in Wordpress sites?;berksonkay;0;536;berksonkay
PSN Accounts Channel;tdwblade;1;564;GhoulTrooper
Transfer PP (PayPal) Balance ;cracked0;31;2.608;mrmm23
[FREE]「︎TUTORIAL」︎Upgrade your Spotify Account for free;PizzaLikesJoel;19;1.148;PizzaLikesJoel
?HOW﻿ TO GET 40K FACEBOOK POST LIKES?;upgruad;2;729;saif1234
Simple Noob Starter Pack + Tutorials ;TimeChangeEverything;30;2.248;TSM_Oskar
★Complete Absolute Beginners Cracking Tutorial★[QUICK / EASY TO LEARN] ;MarshallProxy;44;2.619;MarshallProxy
HOW TO GET PRIVATE PHONE NUMBERS FOR VERIFICATIONS;harikesh409;0;1.074;harikesh409
Need HELP .redmat Decryptor needed;nierikaaas;0;635;nierikaaas
CHECKERS BUNDLE - AMAZON | ORIGIN | UPLAY | FORTNITE | STEAM;angelooo-18;7;783;ongamanext
MAKE MONEY WITH YOUR VPS !!EASY (BTC);enel101;14;1.005;trakimoa
TIP'S FOR SCANNING URL's;henessy;3;693;carman84
How To Use Storm(NEW PROGRAM) ;GodlyDorks;91;5.518;aCherryKola
PayPal sending payments errors;petras;2;645;petras
Netflix Cracking Account Private Method {No Proxies}{No Paod Tools};Litekex;0;589;Litekex
Tutorial Small Secret [DORKS];DonXirus;21;1.961;zzzolja
MC Unmigrated Tutotrial (Spanish);BrianG_;1;586;Subix77
❗ Updated Method to get Google Home Mini codes;Newtothescene;21;1.240;Gmuz1909
How to create edu mail 100% works method i have tried it and works make azure rdp ezz;Umair121121111111;7;811;Naylor__
[HOW TO GENERATE] [NETFLIX] [GIFTCARDS] ;MERLINIANO;319;12.322;Chuj12345
KOSTRIKOV'S DORKS AND DATABASES EBOOK RELEASED FOR FREE;angelooo-18;0;561;angelooo-18
How To Get UNLIMITED VPN For Free | 2019 | IM A L3G4ND BOI |;SWAT;8;1.079;Luckydinho
❗ Just by using 1 Gmail account, you are able to create unique emails;Newtothescene;11;738;AMIM
How to get your own combos using sqlidumper (EASY) ;Renji;177;8.223;nicgurr
[TUTORIAL] HOW TO GET 1GB VyprVPN Account | NO BINS | REPEATABLE;Tommy;16;1.449;janek9997
Get now 1 Credit of Google Play Free !!!;RexAlts;16;1.285;Rogerx
Sql Tutorial (Spanish);BrianG_;2;619;dawel
Step To Get Free iFlix VIP 30;upgruad;7;746;ayam24
This is my spotify pack.;angelooo-18;5;612;ahmed1234567
Deleted ;Aang;52;2.289;mohaa
How to Crack Smtp Servers and Accounts;sankou7i;1;682;MyRoWARE
HQ Dorks For SQLI DUMPER [Private Method][INDIAN] Giving HQ Myntra Dorks;shivan;1;733;Snake_Mc
How To Get Premium VPN for Completely Free [FOREVER] ;Ordwise;91;3.628;skeleta1
How to hack a wifi network using Kali Linux;TimeChangeEverything;5;747;Patric002
Using Hashcat to decrypt Email\Username:hash;X_heisn;10;1.232;seiron
SQLi Dumper guide for complete beginners Step By Step (Screenshots Included) ;Rolex;37;2.319;ririlemsi
HQ KEYOWRDS MAILACCES FOR SLAYER LECHEER;throttle;4;679;Toxic0811
Want US Number??;cracked0;15;1.274;Neoghost7
Best Free Proxy Sources;G24;3;9.560;mrsquirkle
How to get MYRZ Antipublic Checker for 100% free trail(check if combo is private);Like it;12;875;vinay2002
[supreme];mesvak;2;606;seo decompile5
Tutorial Work With Storm;KLOGS;0;544;KLOGS
[2019] How to Re-Arrange (HASH) Combo Lists Easily | Very Useful!;shindoh;2;706;barayand
FGslealmwT $5 repeateble Method;upgruad;2;577;Jox
[Tutorial] How to Be good at cracking! (How to crack) ;ge9d;206;9.147;ge9d
Free likes instgrame u need telgrame!!!;upgruad;1;670;mariich
Twitch Cracking with Prime Rape AIO (Eclipse Verified);Culls;4;1.491;dopemodz456
DORKS [Tutorial] - One small secret ;Pshyotic;35;2.174;mattizzy
PayPal Method For Android/IOS #2;upgruad;0;652;upgruad
How To Access The Deep Web ;G24;56;3.751;hastuyespa
How to hack paypal with this tool. (DELETED) ;angelooo-18;30;1.870;KingFckAll
CRACKING SALE FOR TEBAN397;teban397;3;747;teban397
hello I have methods to make money;rohackz10;0;636;rohackz10
How to crack Spotify Premium accounts [LQ];Shyn3e;6;954;ektoblast
DELETE;adamsimon;2;1.105;reborn98
Best Websites For Doxing | Never SEEN ON C.TO | HQ WEBSITES ;Merged;32;2.621;daddyslilmonster
How to make RDP work faster with no lag 100% working;Like it;10;1.045;darkyv1
How to make 2captcha compatible configs for STORM;EliteEmper0r;12;1.230;crysanto
Crack Multiple sites with Sentry Mba [Tutorial] - By xtestx ;xtestx;73;5.064;JohnDoelives
How To Make A Op VM For Cracking,Testing | Never Seen on C.to | HQ Method ;Merged;31;2.391;xAries
[EASY]How to acces all tempmails without tools;Atlantis;8;910;skrbopbop
[TUTORIAL] How To Get Elite Socks4 Proxies EVERYDAY ;tamboza;115;5.516;bohozeb@.top
Dominos free pizza ;cracked0;25;2.218;Mikex9
How to get free Steam keys 100% working method 2019 [Tested] ;Like it;41;2.177;Hidden
How To Get 1 Year VPS For Free ;CashingOut;107;5.463;ali73
[Tutorial] HOW TO CRACK SPOTIFY PREMIUM ACCOUNTS [EASY] FOR BEGINNERS;nuju;0;654;nuju
How to get 14 DAY Gaming RDP Trail Utomik 100% working 2K19;nitish9911;7;846;oruspular
How to get 7 day full RDP trail without Credit card 8GB ram 2.6GHZ Admin access 100% ;Like it;54;2.513;ful25
Free 4GB RDP Method ;greyblack;40;3.991;havaz
HQ+ 2K Paypal Keywords 2019;Server;1;1.088;DragonStriker11
HOW TO CRACK SPOTIFY ACCOUNTS! [BEGINNERS];turhfufct;10;905;longshlongfever
How to crack Spotify Accounts [Easiest Way] ;Unavailable;76;4.190;saitomata
100% WORKING HQ GAMING RDP METHOD (EXPLAINED STEP BY STEP) VIDEO MADE BY ME;aliayub123;15;870;visnjicc1
Get fresh working proxies any time you want [http,https,socks4,Socks5,Any country] ;emiltz;28;1.829;mookilooki
Official Release Riptide Remastered V3 - Source Release CSGO (Re.);angelooo-18;2;802;aldrous
how to free buy website tweaknews VPN&Usernet;dorulosan;2;723;ziya
How to get a VPS for $1 (4 vCores - 8GB RAM - 160GB SSD);Lincoln;19;1.206;tighramt98
PayPal Method For Android/IOS;upgruad;14;948;HARR1SON MCK
Netflix cracked accounts;the_shadow;2;923;durmazkadir0619
How do i put a rotating proxy into Axenta?;pretzeltoo;0;636;pretzeltoo
How to check if a website may be vuln to sql injection;Mac Miller;10;1.020;Lowie
how to convert btc to paypal at 10% without the risk of getting scammed;Lincoln;4;669;SyFiu
SLAYER Leecher v0.6 guide + video;mesvak;15;1.233;duyvn2005
How to make money from Twitch Prime Accounts;Lincoln;23;1.367;Skyfallen09
How to Earn $200 Dollars EveryDay;ThisIsAUsername;0;661;ThisIsAUsername
Better Mobile App Sniffing;HestiaBestia;3;840;HestiaBestia
MalwareBytes help ASAP;nana421;0;746;nana421
How to get free PCs, Graphics cards, keyboards ect..WISH.COM ;XenoCat;77;4.353;shizoc
BEST PROXER CHECKER/SCRAPPER;HaVen;4;772;oruspular
*2019* FREE GOOGLES HOME MINIS! *GB ONLY* ;CashingOut;67;3.683;fritzdylann
HOW TO CRACK FORTNITE ACCOUNTS [WITH SKIN CHECKER] [NOOB FRIENDLY TUTORIAL] ;Zalenci;179;8.391;ndb67
How to get free real Steam keys online 100% working method with proof;Like it;22;1.299;biixqslfsaf9
How To Make A Discord Token List 500 Tokens A Minute;Hackmaster12;1;1.725;someguy1121
Sentry MBA Codes-EXPLAINED- By xtestx;xtestx;21;2.185;goodmann123
HOW TO GET 50GB VPN WINDSCRIBE;upgruad;4;647;smayloss
YT Red Method;upgruad;5;809;RoxNeww99
How To Create A Fully Private ComboList;Ordwise;22;1.372;Lovebeer24
Sentry MBA Guide - Very HQ ;Denial;45;3.527;goodmann123
How To Make G-Mail Account Without Number;Neffex;7;879;zuramaru
Tutorial How To Cracking VPS & RDP ;evangel;26;2.542;Tumama98K
Super HQ Dork and combo making method REPOST CREDIT TO KRISITOV ;PsychoSellz;41;2.666;AyvryTheHacker
Deezer Method (1-3 Months);upgruad;3;876;zeruma
HOW TO MAKE SNIPR CONFIGS (THE EASY WAY);dxnnis;12;1.055;NegativityExE
HOW TO FIND A +200K URL TO GREAB PROXY;2xico;9;794;lela343445
HTML INJECTION [TUTORIAL] - First Time On Cracked.to - Never Seen ;Merged;44;2.707;Light Yagami
Cracking 101:Understanding Proxies & Combo Lists + Resources To Start Cracking Today!;hetpatel;0;811;hetpatel
How to stay Safe from all Rats, Trojans, Worms, Malware, Loggers and more;Devil;7;810;Hatem
[supreme];V0RT3X;1;842;briannk
How to make Mail Access Combo Part 3 HQ France, Germany, USA Combo with Premium Keys;Like it;10;905;agarbtc
Free Private Proxies - 1GB / Month Usage ;adamsimon;27;2.174;justencase6
METHOD PRIVATE COMBO;solowb22;13;922;flexycracker
Deletted;Alphacrack27;16;1.124;WiFiNulled
ONE SITE FOR GETTING 100+CPM I GOT ABOUT 1K CPM GOOD(NETFLIX,GC SHITS) ;mesvak;68;3.477;kilwa03
How to make basic config for Sentry MBA easily .PDF ;HyperNova;25;2.576;copy32816
EASIEST WAY TO GET FREE PS+;vortex2018;0;628;vortex2018
⭐How to Get VCC for Free;Lincoln;4;730;Seph
How to get good prxies for free.;angelooo-18;0;624;angelooo-18
HOW TO CRACK FORTNITE ACCOUNTS - GET HQ SKINS - EASY PROFIT ;dxnnis;181;8.789;tlili2019
How to get Free Rdp with 16 GB Ram;gshs8;1;726;khimnguyn11
HQ Leecher Keywords (handwriten) ;uncrackablehero;25;1.977;culebra750
Amazon gift card generator old and new version;badhack;14;1.137;Pygma
How to get EROSNOW 100% free for 1 full year;Like it;2;687;subir_bd
How to make a very basic Sentry MBA config w/ Capture ;Legendary;30;2.799;dextergot
GET FREE GAMES AND GIF CARD PSN STEAM ETC..;itachi930;9;901;ahmedid
Become an Exploiter and Cracker. [Google];Unhash;20;1.580;ZebzterXXZ
How to make Dorks+Pack of TSP dork Gens V5,7,8,11 2K19;Like it;1;674;FrankAlva
Learn Full Cracking A to Z Everything with Theoretical+Practical Explanation;nitish9911;5;707;hakim.cheheb
FREE INAPP PURCHASE METHOD 50$ ;angelooo-18;25;1.624;h4x0r69
Patxis Pizza gift card help;gaga_7878;0;649;gaga_7878
Netflix checkers doesn't work?;zedrye;3;776;zedrye
Learn Full Cracking A to Z Everything with Theoretical+Practical Explanation;Like it;1;699;300Thousand
How to verify your phone number free online with 26 free no sign up working sites;Like it;0;645;Like it
email access checker priv;LWILL;0;676;LWILL
[Cracking TUTO] Works with any kind of websites! ;ForlaxPy;37;2.420;pins12346
TheCrackingGuide: GODLY - Free Release | Dorks | SQLi | Cracking;angelooo-18;17;1.029;PierluigiRizzu
50 GB OF HACKING TUTORIALS & FILES;angelooo-18;4;785;kunngss
How to run sqlmap on windows HQ tut;Mac Miller;7;957;azel4
How i got better combos with slayer leecher;Filipkingen;2;667;Filipkingen
GET Now GIFTCARD METHOD ;cracked0;88;4.479;JohnnyGerman
[Help] Netflix Gc many invalids;BlackOceanHDX;2;790;TyrinLan1ster
learn to crack (please help);RiZe_Flame;2;713;RiZe_Flame
How to get combos using XSLAYER Leecher v0.6 ;Renji;62;4.217;Barnabé
BEGINNER TUTORIAL: What Are Combos, Proxies, Configs, SQLi;The Sleeping Panda;0;774;The Sleeping Panda
pizza method 2;cracked0;8;870;Gangtest12
HOW TO GET FREE BITCOIN OVERNIGHT!;Pr0xyTheQT;0;653;Pr0xyTheQT
How To Make Hq Keywords Kidux Leecher;Hackmaster12;1;796;Gabriel_Alert
[FORTNITE] How to lock owner out of the account WITHOUT Mail Access ;ND03;94;5.007;momolegarda@hotmail.com
[Giftcarder]Teaser;Polar;6;1.052;douuu
rEMOVED;diego13;1;808;Mi54
[CRACK]_[VyprVPN]_[New OpenBulet 1.0.0]_Fast_Config_With_Capture_2kCPM;PROSOX;0;692;PROSOX
How to crack (ebook) ;Ceeko;39;2.774;Jawer
If I want to start cracking;Finnessekid;3;818;SIGRU
[USEFUL TIP] How To Get Very Fast URLs Using SQLi Dumper [Beginners Friendly] ;Tana Allen;44;2.935;Vodka.
Basic-Computer Terms - Do you know all of them;Ghost1pm;8;1.162;BLACKHAT
[METHOD] FREE ACCOUTNS NETFLIX ;cracked0;45;2.859;PewDiePie1337
Art of E-Whoring - The Ultimate E-Whoring Guide;Unknown Dude;13;1.648;dwightsnoot
Bypass Waf for SQLI;Mac Miller;9;1.061;ölümmeleği
Black Bullet config;6485416;0;765;6485416
[HQ Ebook] 25$ SE, Instagram, Cracking accounts, E-whoring Moneymachine Handbook;bretzdice;6;874;momolegarda@hotmail.com
openbullet 1.2.1.3 launch error;bi.s0n;2;759;bi.s0n
How to get VPN for completly free;Rolex;13;1.108;BigHeadBigBrain
deleted;Ordwise;2;671;Ordwise
How to access websites your government/ISP has blocked without setting up a proxy;Demigod009;5;790;schizoid
PUBG PRIME PLUS SUBSCRIPTION FOR FREE TRICK;spidythor;1;944;VrOx01
How to get a Lynda.com account for free!;MKkill;5;938;fazee6
How To Crack Netflix Accounts;taboumok;1;683;Bucko1337
Ultimate Guide {VIDEO} HOW TO CRACK FORTNITE ACCOUNTS | NOOB-SAFE | ALSO FOR BEGINERS;SzymekToJa;0;648;SzymekToJa
Nord VPN Lifetime For Free [Easiest Method];angelooo-18;0;1.218;angelooo-18
Little help idk xd.;angelooo-18;1;674;Zerrouki
Mastering Paypal;angelooo-18;0;646;angelooo-18
How To Make a VCC.;angelooo-18;0;614;angelooo-18
Reverse Hash Tool [ORHT];zeda;1;749;Starkthanos1
NEED HELP CRACKING;Axgk;4;881;EzKingz
[PART 1] introduction [HACKING :THE ELITE ART!!!];Ghost1pm;20;1.701;JUSTWANNAPLAY
CLOSE taskmanager to be hidden from ROOT OR SERVER OWNER'S .reg file (with code);mesvak;2;742;wesley.espinoza
How To Be HQ Leecher ;G24;33;2.753;DarkUz
Best proxies for cracking fortnite?;HeIium;4;797;HeIium
How to gain the maximum security and safety when cracking ;GettingRevenge;118;5.873;PePe_The_Broke_Cunt
help wit cracking Sximsk#3002;sximskcrxs;0;698;sximskcrxs
Ultra Easy Tutorial On How To Crack For Beginners! ;ZaneX;44;3.644;ahmed1234567
*HOW* TO GET PHOTOSHOP CC 2019 FOR ABSOLUTELY *FREE*;PsychoSellz;5;897;A97vr2
How to get PAID Config for FREE - For BlackBullet (Legit/Cracked);Eto;11;999;Hackeinstein
How To Use Mail Access Accounts When You Crack On Woxy Mail Checker 2019;JuNaiD™;1;636;MarujaGamer09
Amazon Accounts Checker by PCR With Capture 2018;JuNaiD™;1;917;prince23
50GB of hacking tutorials including everything u want to know full with videos;Umair121121111111;14;1.023;uhhvvv561
how To Use Netflix MailAccess?;alsaher788;10;1.037;Sherry
How to Get More Hits from a EMAIL:PASS combo ;EliteEmper0r;56;2.884;momolegarda@hotmail.com
HOW TO AVOID GETTING LIMITED BY PAYPAL.;MERLINIANO;9;899;shuai one
How to make an OP Password List!;Unhash;3;792;momolegarda@hotmail.com
How to crack Fortnite accounts for free!;PsychoSellz;10;1.018;shakerahmed6211221
please creat video make config BlackBullet;firstname;0;685;firstname
How to crack any instagram account;shahar038;0;699;shahar038
New Tool ! [CRACK]_[Netflix]_[Openbullet1.0.0]_Fast_Config_With_Capture;PROSOX;0;605;PROSOX
How to merge a lot of txt files such as ur combos into one file;UmairaliTHANOS;0;765;UmairaliTHANOS
✅HOW TO MAKE BETTER DORDS! [GOOD TRICK]✅ ;dream41;25;1.781;notexeters
I need help to Crack Adobe Lightroom Classic CC 2019;roflcopter;0;716;roflcopter
mail access;wolftigez;0;689;wolftigez
How to check a price and quality for combo or DB, and how public it is?;DylanW;2;706;lena71
mail access;woldmare;0;695;woldmare
[CRACK]-[Spotify_Family_Owner]-[BlackBullet 2.5.1]_Config With Capture;CrackerFR;0;752;CrackerFR
[NEW] How to refund a digital order from amazon !;joker511;16;1.094;ptb007
CyberGhost Checker v1.0 + CAPTURE;Cyb3rNuX;4;798;sergioadarias
HOW TO CRACK FORTNITE ACCOUNTS HQ;BreinerAlts;10;1.123;masterofdragons
How to get proxies online;samjr;0;626;samjr
deep web website;saer;0;767;saer
"Dorks.PW ""Private"" Method for getting there ""HQ"" Dorks";TheShred;1;859;fxlted
Mail access checker 5k+ cpm best fastest checker uses very low cpu then woxy;Umair121121111111;0;835;Umair121121111111
HQ Dominos Keywords;Server;0;885;Server
How To Crack Rdp/VPS Using Dubrute v3.1 Cracking tool 2018;JuNaiD™;1;932;skin23
How To make Combolist Private For Steam & Other Sites 2018;JuNaiD™;3;910;skin15
DELETED;Atlantis;9;822;Merged
Crunchyroll x3 Premium 17-03-19;d3kuizu;1;652;narutohokag
[TUTO] Unlimited Digital codes ;DARKNET;52;3.243;ironcross77
Sentry MBA First Timers Tutorial;Moo;1;1.156;eggmons
Help| BlackBullet getting capture Url Header from Succes data;ebonusgg01;1;655;dopehyxrl
Cracking Tutorial Epicgames;TimeChangeEverything;1;694;Almightyo
How to crack Fortnite Easy Tutorial;TimeChangeEverything;8;921;Almightyo
FREE ACCOUNTS TUT(AMAZON,FORTNITE,EBAY...);iJuggerNugget;23;1.594;dyn4casie
Instagram account cracking tool + proxies;johncrazy;1;791;dyn4casie
SELLING GOOD FUD SCAMPAGES FOR LOW PRICES AND MAKING TRANSFERS WORLDWIDE!!!;buggersz;0;622;buggersz
How to crack accounts and a list to get u started;xcodproking6;10;992;johncrazy
How To Crack Using BlackBullet | Best Bruteforcer | HQ,Private - Gif Included (Must) ;Merged;34;2.487;Merged
[HOW TO GENERATE] [NETFLIX] [GIFTCARDS] ;RexAlts;46;2.765;dsadas
Erase your discord traces;CashingOut;0;697;CashingOut
Google Play [Help];xPainS;0;724;xPainS
[Help]Netflix Cracking;MeMonsta69;1;816;Overside
Need Some Help With A Sentry Mba Config;Bro code;5;870;Bro code
How to UNHASHED Sqli Combos? Pls Help!;ahmetoviko13;1;709;Meiwes
FB;Mcloko;0;721;Mcloko
7445x SQLiDumper Links;suffocate;4;738;Drifty
☄️ Spotify Premium ☄️ Adblocking Script x High Quality, works...;snow1337;1;819;mojassi
Amazon Free Giftcards Method ;cracked0;51;3.114;Exxidae
Problem In Sentry MBA;evangel;0;736;evangel
How to use the Search Bar;Saphyre;10;972;Saphyre
New to cracking and need some help? Look here! Ballers Financial will help you, FREE!;flaxman;1;758;hir0
Step by Step Cracking ;YeetusThatFeetus;111;5.657;idodahan
[ttrial] HOW TO USE SQLI DUMPER VIDEO (WILL BE EZ FOR YA NW ) SO HOT 2 TOUCH;mesvak;8;934;omegaKekDotGov
Lf Dominos / Chipotle capture;Elusive1;0;811;Elusive1
Upgrade Your Spotify Acc to premium SECRET REVEALED;ImYourDaddy;1;741;ImYourDaddy
NEW PRIVATE FORTNITE CHECKER WITH CAPTURE ;DR34M;46;3.934;xgenerald
How to check spotify premium accounts with my methode | 100+ Premiums per day;Azstar;10;968;fuckadmin4
GIFTCARD METHOD;cracked0;9;1.029;Gardencity
Can someone help me crack these cards;bmt26716;3;681;bmt26716
Problem with FAK fortnite checker? Please help;vlaha;0;720;vlaha
Tools for text file large ?;firstname;0;641;firstname
SQLi Noob To Pro #1:Gathering Keywords ;Star;58;3.252;kayser38
How To Get Free Stuff On An Android App With 0 Dollars;oliver_queen;0;732;oliver_queen
Guide to get 7 trial days of VPS And Virtual devices;oliver_queen;0;814;oliver_queen
Download lot of checkers !;Skrrttzz;0;765;Skrrttzz
How to get free Private checker, combos and proxies;Skrrttzz;0;755;Skrrttzz
Sentry MBA(DOMINOS) getting hits but logins not working :( HELP;1moncler;4;879;1moncler
Please help me fix WOXY error;firstname;1;866;firstname
Cracking;n312dyadi;0;893;n312dyadi
Best Netflix cracker;MrLazy_inc.;0;783;MrLazy_inc.
[TUT] How To Get Bandicam Pro For Free | 2019 | WORKING;SWAT;0;746;SWAT
How to Get Free RDP 2019 for Windows;jmeker79;1;853;satotuz
Nothing;Exidab;23;1.893;itachi212
[NEW] How To Lie In A Lie Detecor Test/How To Lie GENERALLY [2019];SWAT;0;673;SWAT
HOW TO AVOID GETTING LIMITED BY PAYPAL.;adamsimon;17;1.212;AnimeWasNeverAnOption
How to Get Free RDP 2019 for Windows;jmeker79;0;813;jmeker79
How to SCRAP PROXY LIST with Chrome;Satanic;4;790;Fbian14
TOLL FREE;korablevone199;0;730;korablevone199
Tip:Do not use sqli dumper v9.7 without proxies or vpn;nohackjustegirl;2;922;nohackjustegirl
DELETE ;adamsimon;51;3.306;DeaNox
[How to] Upgrade your own Spotify account - Unsaturated method;adamsimon;13;1.008;dsaCSAXy
LOOKING TO PAY for a cracking guide for dominos;Fuze;4;804;Merged
How To Get LOL Accounts Fast & Easy | Season 9 Cracking Tutorial;Unknown12;5;795;urethrafista
DELETE;adamsimon;6;780;aliayub123
ff ff ff ff ff ff ff ;truegunner;52;3.434;mejahul
RYANNH'S FORTNITE CRACKING EBOOK | TRUSTED | CHEAP | FAST | 100% WORKING | GUARANTEED;trobanko;0;759;trobanko
How To Find Your Combolist Is Private or Public by AntiPublic Tool ;JuNaiD™;40;3.100;zotmani
[Tuto] How To Clean Your Database;GettingRevenge;11;1.296;zotmani
HOW TO GET HQ FREE PROXIES! ;Gers;38;2.354;zotmani
halp Rapeflix 1.2 [Cracked];upgruad;0;810;upgruad
[Help]Need help with Uplay account;MeMonsta;2;705;MeMonsta
[Tutorial] How to crack Spotify Accounts;Unavailable;10;1.199;daddydrew
TEXT SPILLITER GUIDE (IPS DEATACHER );mesvak;0;684;mesvak
10 STEPS: US Only Combos w/ Mail Access;gnosys;0;808;gnosys
Get the Password of Anyone;H334;1;851;heniox123
How to Crack Fortnite Accounts » Working [ August 2018 ] ;samuelskiy;66;3.860;ColeDTX
? How To Get .Com Domain Name In Cheapest Rate ?;Anonmusk;0;777;Anonmusk
help me;porcoaranha1505;0;668;porcoaranha1505
[TIPS] Why you aren't getting a lot of hits BEGINNER MUST READ ;EliteEmper0r;25;2.361;EliteEmper0r
I need help with my Netflix account cracking;HoldenCaulfield;0;714;HoldenCaulfield
if i get a psn acc with linked cc any method to buy with the cc ?;ousis2022;3;788;CrackedToZul
BEST SITES TO GET PROXIES AND SOCKS FOR FREE FOR CRACKING;chaitanya126;1;775;Six
[REL] Roblox Chat Bypasser V2;Immortal Donkey;2;955;mumsspaghetti
Not getting Google URL's in SQLi Dumper 9.6;JustRichty;3;874;JustRichty
HQ PROXIES HTTPS;AKASHMALI;0;811;AKASHMALI
How To Use UBC By FraGmeNt 2.5.7 [PROJECT UNIVERSAL];Louby;1;888;niko50
How to get HQ proxies for FREE;EliteEmper0r;0;1.069;EliteEmper0r
Sqli Dumper 9.0 Tutorial;resaller89;2;836;hidizexaba
HQ< Noob Cracker<Clear/Repair Records/SnapChat H A C K;calum6;1;871;flyingpiglet12
Basics of Anonymity;closy14;4;865;2017imesh
Amazon Cracking method;X_heisn;3;1.340;2017imesh
dorks;opkoli123123;2;790;Placing
*HOW* TO GET SONY VEGAS 16.0 FOR ABSOLUTELY *FREE*;PsychoSellz;4;965;PsychoSellz
Quick Tip on Amazon Accounts;CadyYaBoiP;8;1.027;rida taha 22
Cracking keywords for Fortnite;ytkinou;1;1.214;CriZzi
How to get BR Combolist?;Merged;0;758;Merged
How To Crack WIFI Password Using New Wifi Cracking Tool 2018;JuNaiD™;4;1.005;Specific072
?How To Get Free JBL Flip 3?;xploithackers;0;922;xploithackers
How To Stay Safe For Beginners;F*CK FBI;0;764;F*CK FBI
How To Crack Netflix Accounts With MailAcces and Chenge The Email And The Password;mrjakix1;1;1.176;SpeedForcee1
[VIDEO] How to crack pornhub premium accounts! WORKS;Doke;3;1.018;Doke
Service | Combo type | Proxy type | Usable checker table;AnimuCracku;4;933;Doke
Great HQ Keywords;D3fau1t;2;5.887;jhon011
Talking about V3N0M scanner (Definition-good bad cons) +my opinion about it ;GettingRevenge;31;2.481;Debilblbec
HTTPDebuggerPro tool;hichamtach;2;763;hichamtach
Complete Cyber Security Course in 1 .pdf!;HyperNova;7;1.030;idinesh
HOW TO BYPASS GOOGLES FRP ON SAMSUNG;nickghatch;0;1.245;nickghatch
HOW TO CRACK FORTNITE ACCOUNTS (repuplish);a7med.alsharrkkkkk;0;793;a7med.alsharrkkkkk
How to Separate Mix Domain Combolist Good Method 2018;JuNaiD™;1;826;abdoumed
How To DDOS;G24;3;908;SSJ
Help with SQLi Dumper v.7 requested;rektard;3;877;ree123
Fortnite Skin Accounts Checker New Paid Cracking Tool 2018;JuNaiD™;3;821;sianmusicx
Wifi-Pumpkin;XELLADOLL;1;1.415;Lordofmemes147
HOW TO CRACK DOMINOS ACCS;rhys4;1;831;Lilmanoz
SCCFG Flies?;Kkskjsja;0;874;Kkskjsja
[Help me] Can someone teach me how to make good combos?;Taylor;2;784;ihatedorks
How To Crack Gmail Verify Accounts Using Gmail BruteForce V4.0 Tool 2018;JuNaiD™;0;910;JuNaiD™
connect capmonster with sentry;evangel;3;1.015;evangel
[Tutorial] Getting into cracking for first time;Lily;4;1.337;lickylickyuh
How To Crack Uplay Accounts Using Minaev Brute Cracking Tool 2018;JuNaiD™;0;818;JuNaiD™
How To Check Your Combolist Is Valid Mail Access or Not New Cracking Tool 2018;JuNaiD™;0;802;JuNaiD™
Can anyone recommend a good video tutorial on learning cracking for noobs?;1RONMA1DEN;1;820;Hawk
Help me pls;Avunit;9;987;Avunit
One Family Checker Crack 9 Difference Sites New Cracking tool 2018;JuNaiD™;0;786;JuNaiD™
How To Activated AntiPublic MYRZ Cracking Tool 2018;JuNaiD™;0;779;JuNaiD™
HOW TO HACK/GRIEF ANY MINECRAFT SERVER;TeeGrizley;1;903;czxll
How To Crack Steam Accounts with New Version Cracking Tool 2018;JuNaiD™;0;824;JuNaiD™
mouse locker;existscam;5;956;lexy0089
How To Leech Hq Combolist using AIOHNB Tool Cracking 2018;JuNaiD™;0;874;JuNaiD™
Grow your [Youtube, Google, SoundCloud Esketit, Pintrest, VK, and Website];Jahangir001123;1;782;Her
How To Get Netflix Comblist Private with Mail Access 2018;JuNaiD™;0;813;JuNaiD™
How to drastically increase your chances of hitting on Fortnite;barnacle;0;768;barnacle
How To Crack Fortnite Mail Access Accounts with New Tools 2018;JuNaiD™;1;895;JOsuu
Sentry MBA Codes;GrayBeard;1;794;focal55
"Fortnite/Spotify/Netflix/Dominos Cracking Help - please help me I’m really confused ;";VELIIOS;3;885;VELIIOS
How To Crack Skype.com Accounts New Cracking Tool 2018;JuNaiD™;0;823;JuNaiD™
How To Disable OR Delete Instagram Account Permanently 2018;JuNaiD™;0;832;JuNaiD™
QUICK Import Fiddler Root Cert on Android;suffocate;0;706;suffocate
How To Get Free RPD For 1 Months with High Speed Internet 2018;JuNaiD™;0;789;JuNaiD™
How To Get Free Zenmate VPN Lifetime Premium Account 100% Proof 2018;JuNaiD™;3;886;1975mpmh
How To Register AIOHNB Cracking Tool All Version 2018;JuNaiD™;0;802;JuNaiD™
How To Crack Uploaded.net Accounts With New Proxyless Tool 2018;JuNaiD™;0;868;JuNaiD™
How To Register OCX Missing Files In Win 7/8/10 Easy Way 2018;JuNaiD™;0;682;JuNaiD™
I am teaching people how to Crack accounts for FREE! PM me on discord;cobb;2;818;a7med.alsharkawy
VTOPE | Soctop Russian Version WITH FULL YOUTUBE SUPPORT;motrizzy0;0;725;motrizzy0
[Video Tutorial] How To Find Mail Access Combolist with Hq Tool (2018);JuNaiD™;0;789;JuNaiD™
Been getting bad accounts only, No Good ones :(;iEmptyyy;1;744;JayBIman12
[Video] How To Use & Crack Any Sites Account in Vertex Tool 2018;JuNaiD™;0;940;JuNaiD™
can u crack instagram accounts using sentry mba?;flightj23;3;1.577;inthescope
All In One Checker ( Uplay,Spotify,Netflix,Blockchain,Paypal ) Crack 2018 ;JuNaiD™;53;4.828;KrevLight
Fortnite New Cracking Tool with (6 Difference Capture ) August 2018;JuNaiD™;0;706;JuNaiD™
Fortnite Private Keyword For SLAYER LEECHER V0.06;JuNaiD™;0;965;JuNaiD™
[TUTORIAL] HOW TO GET PROXIES, ONLY ONE PROGRAM | SOCKS 4/5, HTTPS/S;Tommy;2;803;Tommy
FREE | Remove ADs from Spotify on PC;BK-201;0;760;BK-201
E-book on Protecting yourself against Snitches, Informants, Agents, Narcs,...;closy14;5;884;drawer
How To Get Premium Hq Proxy List For PSN Cracking 2018;JuNaiD™;0;876;JuNaiD™
Investing properly when having a nice budget -HQ explanation-;GettingRevenge;6;890;YeetusThatFeetus
Trying to find a good list manager program;dordie954;1;831;dordie954
How to know if a config is trapped (Be Careful);Louby;10;1.210;iSentryMBA
How to earn 100$-200$ through Adfocus;X_heisn;2;1.089;shadotdi
How To Find Your Combolist Is Private or Public by AntiPublic Tool;JuNaiD™;1;916;Macien
[Knowledge?] Getting to know in proxy and which to use for cracking and such;Lily;1;769;thecrazy
Hack Any Windows 7 - The Easy way;TrueHackerMan;0;728;TrueHackerMan
Why Anti Public Is Bullshit;G24;1;949;Crank
The Best Alternative To Selly;G24;2;855;G24
How To Advertise;G24;0;777;G24
GiftCarder Modules;leressea;1;1.194;TheDealer
Storm Config Making Tutorials;G24;1;1.112;Coci
Building Coinfigs regex and Json Capture;suffocate;0;936;suffocate
Simple Capture Guide;Kitollama;0;923;Kitollama
Byzanz - Record Ubuntu/Debian desktop as GIF;suffocate;0;959;suffocate
